1.142142559399749874e-01,3.573747398159147717e-06,2.817156844599538523e+00,3.838252112317361298e-01,3.284403927058386907e-01,2.651902578934665078e-01,0.000000000000000000e+00,8.333333333333333868e-04,-3.986719113727137653e+01,8.090937140085765478e-01,5.676341721370219418e-01,3.608026528480011708e-01,1.212117372684926864e-01,1.133535645927903623e-02,1.005883609909853926e-01,1.267749618328190830e-01,-1.213059839840019832e-01,-4.271576933037091184e-01,-2.367357044653767839e-01,2.185008607674934766e-01,1.318381653668619646e-01,6.761429550791182147e-05,1.135766283934404032e-05,1.219400879546716880e-02,4.138898575289651216e-04,7.559862180321193724e-05,1.418602083476033847e-04,1.940443059019962280e-01,6.916846807209169176e-05,7.722757733529557586e-05,7.227237583268793036e-05,2.456332604564527219e-04,4.719457592935837861e-05,5.339750672979443752e-02,0.000000000000000000e+00,0.000000000000000000e+00,0.000000000000000000e+00,0.000000000000000000e+00,0.000000000000000000e+00,0.000000000000000000e+00,0.000000000000000000e+00,0.000000000000000000e+00,0.000000000000000000e+00,0.000000000000000000e+00,0.000000000000000000e+00,0.000000000000000000e+00,0.000000000000000000e+00,0.000000000000000000e+00,0.000000000000000000e+00,0.000000000000000000e+00,0.000000000000000000e+00,0.000000000000000000e+00,0.000000000000000000e+00,0.000000000000000000e+00,0.000000000000000000e+00,0.000000000000000000e+00,0.000000000000000000e+00,0.000000000000000000e+00,0.000000000000000000e+00,0.000000000000000000e+00,0.000000000000000000e+00,0.000000000000000000e+00,0.000000000000000000e+00,0.000000000000000000e+00,0.000000000000000000e+00,0.000000000000000000e+00,0.000000000000000000e+00,0.000000000000000000e+00
1.454772822009170463e-01,1.145323043575309346e-06,3.059206873798007820e+00,4.160742125043459527e-01,3.245533630119625812e-01,6.348264344139710191e-01,3.702837928609480599e-03,4.166666666666666609e-03,-3.923921445415276565e+01,1.210049984209933482e+00,4.060781368101668010e-01,2.042790906937875794e-01,1.543569860473716915e-01,2.456860780530905619e-01,5.426687901834661987e-03,2.063875909682587328e-01,1.857635272022528650e-01,-1.171531124425534975e-01,-1.863183635532577598e-01,-5.723430683777738781e-02,1.533625109927054808e-01,3.750699006166927237e-04,1.690423587542875335e-04,8.152173393494374642e-03,3.452158488529441602e-04,9.367088488671677102e-04,4.589170018369910465e-04,1.680764450953129985e-01,1.490551281336866462e-04,3.071783247008717322e-04,3.092603135367243648e-04,1.217329777425316031e-03,3.307024428493255622e-04,4.618302294046544576e-02,3.126302626094205894e-02,-2.428424354583838159e-06,2.420500291984692964e-01,3.224900127260982297e-02,-3.887029693876109526e-03,3.696361765205045113e-01,3.702837928609480599e-03,3.333333333333333114e-03,6.279766831186108789e-01,4.009562702013569346e-01,-1.615560353268551408e-01,-1.565235621542135913e-01,3.314524877887900511e-02,2.343507215938115396e-01,-9.516167308915073064e-02,7.961262913543964981e-02,3.070695111862548621e-01,3.100045808611556208e-01,5.041734091211902413e-02,-2.757351676052708367e-01,2.152434562584351618e-02,3.074556051087808887e-04,1.576846959149434864e-04,-4.041835401972794159e-03,-6.867400867602096136e-05,8.611102270639557459e-04,3.170567934893876619e-04,-2.596786080668322949e-02,7.988666006159495447e-05,2.299507473655761428e-04,2.369879377040364345e-04,9.716965169688633087e-04,2.835078669199671904e-04,-7.214483789328991759e-03
8.628595248020008712e-02,2.180847013221300554e-07,2.426527726873193735e+00,4.600232984912316359e-01,3.151903466489257566e-01,1.925393188393657029e+00,4.217816513703427118e-03,6.858333333333332948e-01,-4.084428522542729922e+01,6.763039346847369293e-01,5.690739217913695080e-01,2.661859543779520609e-01,-5.259325356229366255e-02,-2.684299214976358927e-01,9.630079302829877563e-02,2.188530386414685447e-01,9.515644547991093660e-02,-1.537752288257288741e-02,-1.979419674784647920e-02,-3.709949232399532004e-01,5.049567216978033402e-02,1.187689019539062011e-03,1.951715625808715421e-04,1.641046806777554309e-02,2.427823724325147998e-03,2.122296371550830112e-03,9.534241220168297162e-04,2.262791181850191957e-01,5.708987010565682880e-04,5.305487418519420082e-04,8.152463564324622606e-04,1.028260154947412998e-03,1.036857860671654141e-03,6.200139343253521784e-02,-5.919132972071695920e-02,-9.272383422531792639e-07,-6.326791469248140842e-01,4.394908598688568313e-02,-9.363016363036824607e-03,1.290566753979685899e+00,5.149785850939465198e-04,6.816666666666666430e-01,-1.605070771274533570e+00,-5.337460495251965531e-01,1.629957849812027071e-01,6.190686368416448149e-02,-2.069502396096653540e-01,-5.141159995507265101e-01,9.087410512646411365e-02,1.246544767320981184e-02,-9.060708172234192836e-02,1.017755895599806171e-01,1.665241668054112667e-01,-3.137606164021757849e-01,-1.028668388229251468e-01,8.126191189223692327e-04,2.612920382658400864e-05,8.258294674281168452e-03,2.082607875472203621e-03,1.185587522683662510e-03,4.945071201798386697e-04,5.820267308970619724e-02,4.218435729228816418e-04,2.233704171510702760e-04,5.059860428957378958e-04,-1.890696224779030328e-04,7.061554178223285790e-04,1.581837049206977208e-02
6.127553147144643858e-02,4.343173378887412355e-07,1.801633948673992069e+00,4.243983260522712908e-01,3.146414289069223713e-01,9.970315163539504866e-01,1.305581478247045801e-03,2.641666666666666607e-01,-4.099475295990856694e+01,1.032987474935385563e+00,5.361252413535984029e-01,6.704422893425583674e-02,1.986618425299190582e-01,2.241026772782604981e-01,9.887024741890587665e-02,3.454561185628771125e-02,-1.728173852276026767e-01,-2.585363421404040726e-02,3.175261203121781950e-01,9.948943696253217950e-02,2.510802544666808356e-02,1.941017748360914104e-04,9.802423323866676528e-05,7.343493202391908337e-02,7.912041940603312768e-04,9.635848209896243424e-04,6.547921910172008241e-04,2.366983229328551153e-01,1.280126400326504885e-04,1.665793070520335171e-04,6.527365856193099959e-04,1.021985046228583239e-03,2.984294735452598744e-04,6.655090574684738303e-02,-2.501042100875364854e-02,2.162326365666111802e-07,-6.248937781992016660e-01,-3.562497243896034504e-02,-5.489177420033852783e-04,-9.283616720397065425e-01,-2.912235035456381318e-03,-4.216666666666666341e-01,-1.504677344812677120e-01,3.566835402506486341e-01,-3.294868043777110511e-02,-1.991417254436962381e-01,2.512550960922127485e-01,4.925325987758963908e-01,2.569454390607101013e-03,-1.843074267851808334e-01,-2.679738307075136272e-01,-1.047611133146751985e-02,3.373203170600246881e-01,4.704843602024854077e-01,-2.538764672311225046e-02,-9.935872447029705460e-04,-9.714732934220477682e-05,5.702446395614353680e-02,-1.636619530264816613e-03,-1.158711550561205769e-03,-2.986319309996288921e-04,1.041920474783591954e-02,-4.428860610239177724e-04,-3.639694347999084911e-04,-1.625097708131522647e-04,-6.275108718829759333e-06,-7.384283871263942669e-04,4.549512314312165184e-03
0.000000000000000000e+00,1.268904182176517818e-06,2.205357369934998424e+00,4.132354195534384544e-01,3.262406504270613516e-01,4.760151938439337038e-01,2.621434805229747641e-03,8.333333333333333868e-04,-4.063589575933291087e+01,7.292792323308094904e-01,5.477247019645659076e-01,1.491837731446194748e-01,3.381911022937259537e-01,2.721452386802455381e-01,1.196897377432009357e-01,-8.777004347341763046e-02,-1.888308735917614833e-01,1.377634973828363862e-01,5.609205830623904820e-02,1.487109061862362802e-03,2.664962559430318623e-02,1.301722471302610656e-04,5.116401387326591232e-05,1.713752284670209611e-02,2.218527108212926173e-04,3.700071488347969140e-04,1.095187569056579733e-04,2.454445574770547644e-01,7.821720631977436200e-05,8.043710289821024578e-05,1.759392291562833152e-04,1.131113293167328518e-03,1.539167133094113018e-05,6.750837755393125639e-02,-6.127553147144643858e-02,8.345868442877766354e-07,4.037234212610063544e-01,-1.116290649883283637e-02,1.159922152013898033e-02,-5.210163225100168383e-01,1.315853326982701840e-03,-2.633333333333333082e-01,3.588572005756560657e-01,-3.037082426045760730e-01,1.159946061096750469e-02,8.213954421036363807e-02,1.395292597638068954e-01,4.804256140198503999e-02,2.081949032429505908e-02,-1.223156553297053417e-01,-1.601348836415880661e-02,1.636171315968767970e-01,-2.614340620059391607e-01,-9.800232790066981670e-02,1.541600147635102669e-03,-6.392952770583034479e-05,-4.686021936540085296e-05,-5.629740917721698379e-02,-5.693514832390386866e-04,-5.935776721548274284e-04,-5.452734341115428101e-04,8.746234544199649186e-03,-4.979543371287612646e-05,-8.614220415382327128e-05,-4.767973564630266807e-04,1.091282469387452794e-04,-2.830378022143187171e-04,9.574718070838733608e-04
6.502709462275947649e-02,3.558443424090637785e-07,2.225494319509017771e+00,4.352047326454390741e-01,3.175344924682613201e-01,1.270569199997194199e+00,3.143971174824209975e-03,4.450000000000000067e-01,-4.048918452425846226e+01,7.462568375125975262e-01,4.357437319236588946e-01,2.295761701922368336e-01,1.752463806333235952e-01,-1.887069199118901475e-01,-2.319499136396895034e-01,-1.021288533265530540e-01,6.898992053911975897e-02,2.536090121604850922e-01,1.372727175401921851e-01,7.615320102853226358e-02,6.785227447338644524e-02,5.999372847680905499e-04,1.319814496178662493e-04,2.901371854917124057e-02,6.969684160185493204e-04,6.363093191595706752e-04,4.170189435926774206e-04,2.309007790726800013e-01,3.117906606774560976e-04,8.899817968942797062e-04,5.127243774843729621e-04,4.804568505648573740e-03,2.690087527956061216e-04,6.334057753745710173e-02,6.502709462275947649e-02,-9.130598397674540924e-07,2.013694957401934715e-02,2.196931309200061966e-02,-8.706157958800031516e-03,7.945540061532605502e-01,5.225363695944623341e-04,4.441666666666666541e-01,1.467112350744486093e-01,1.697760518178803579e-02,-1.119809700409070130e-01,8.039239704761735883e-02,-1.629447216604023585e-01,-4.608521585921356856e-01,-3.516396513828904391e-01,-1.435880985313542357e-02,2.578207941308812146e-01,1.158455147776487060e-01,8.118065923395313688e-02,7.466609196666990078e-02,4.120264887908325901e-02,4.697650376378295113e-04,8.081743574460033698e-05,1.187619570246914447e-02,4.751157051972567302e-04,2.663021703247737612e-04,3.075001866870194609e-04,-1.454377840437476310e-02,2.335734543576817356e-04,8.095446939960694198e-04,3.367851483280896469e-04,3.673455212481245222e-03,2.536170814646650186e-04,-4.167800016474154656e-03
2.459358065860775197e-02,6.096606925776330497e-07,2.702116422438491483e+00,4.263324712196517874e-01,3.159177860719623032e-01,1.002862866879614012e+00,9.209542273873771350e-04,2.891666666666666829e-01,-3.982857521974551673e+01,1.197291004929297298e+00,6.444564956585598914e-01,3.154627225578141569e-01,3.388156099917836728e-01,1.680064804380280441e-01,2.753601839942586560e-01,1.176627981502340187e-01,-3.930066638654119981e-02,2.555769822602552144e-02,-1.895256371378095661e-01,-1.049541166073489629e-01,2.450925158520063027e-02,5.383590871012515315e-04,2.969620531080178279e-04,2.836426575123973583e-03,1.413696617288057351e-03,5.606973929045881364e-03,4.019434462406913005e-04,2.045184378234467804e-01,2.165149928523084594e-04,1.696103822734636136e-04,8.561159801529579947e-04,9.491712887750615446e-04,2.299492207297254489e-04,5.620646519123784907e-02,-4.043351396415172105e-02,2.538163501685692711e-07,4.766221029294737122e-01,-8.872261425787286715e-03,-1.616706396299016912e-03,-2.677063331175801864e-01,-2.223016947436832948e-03,-1.558333333333333237e-01,6.606093045129455277e-01,4.510341674166997716e-01,2.087127637349009968e-01,8.588655236557732331e-02,1.635692293584600776e-01,3.567134003499181638e-01,5.073100976339481871e-01,2.197916514767870866e-01,-1.082905869256609588e-01,-2.280513139344595708e-01,-3.267983546780017790e-01,-1.811073176358812264e-01,-4.334302288818581150e-02,-6.157819766683901835e-05,1.649806034901515786e-04,-2.617729197404726829e-02,7.167282012695080310e-04,4.970664609886310363e-03,-1.507549735198612014e-05,-2.638234124923322099e-02,-9.527566782514763823e-05,-7.203714146208161197e-04,3.433916026685850326e-04,-3.855397216873512195e-03,-3.905953206588067277e-05,-7.134112346219252665e-03
1.250521050437682427e-02,6.618946885776600771e-08,2.323267331459980323e+00,4.644798490672122360e-01,3.077960421997789631e-01,2.363128671559312277e+00,2.569170123792999250e-03,6.691666666666666874e-01,-4.199979356899891059e+01,6.706817422601689671e-01,8.476086268811968694e-01,4.837505087316368302e-01,1.741395440626450353e-01,4.167475460659858522e-01,5.406658415101033288e-01,1.075593346244155396e-01,2.309549435847011445e-01,2.281969030577403468e-01,-6.967248655878284513e-02,1.078172844968843663e-02,-4.382022517738125983e-03,2.142425708378535402e-03,9.769123402167149625e-04,4.802193189898600056e-02,6.124969428712515864e-04,9.922295870981876278e-03,5.911110097790433105e-04,5.370065788292256725e-02,9.135976599319910402e-04,1.068804121906616333e-03,3.947113743129645851e-03,1.881462618154722266e-02,3.086082189946818557e-04,1.827793722608164750e-02,-1.208837015423092770e-02,-5.434712237198670155e-07,-3.788490909785111604e-01,3.814737784756044858e-02,-8.121743872183340152e-03,1.360265804679698265e+00,1.648215896405622223e-03,3.800000000000000044e-01,-2.171218349253393853e+00,-5.266092626691283307e-01,2.031521312226369780e-01,1.682877861738226732e-01,-1.646760659291386375e-01,2.487410656279578081e-01,2.653056575158446728e-01,-1.010346352581847906e-02,2.702556099712423165e-01,2.026392048317148253e-01,1.198531505790267210e-01,1.157358450570374064e-01,-2.889127410293875625e-02,1.604066621277283871e-03,6.799502871086971888e-04,4.518550532386202828e-02,-8.011996744168057650e-04,4.315321941935994915e-03,1.891675635383520101e-04,-1.508177799405241992e-01,6.970826670796826351e-04,8.991937396331527469e-04,3.090997762976687747e-03,1.786545489277216112e-02,7.865899826495640680e-05,-3.792852796515620156e-02
0.000000000000000000e+00,8.635840255165049652e-08,2.497908437241251001e+00,4.621335140204489433e-01,3.080134814286568101e-01,2.390630457861602665e+00,5.695181053636958271e-04,7.116666666666666696e-01,-4.117173286350758588e+01,7.007574447140527685e-01,1.518863546443674217e-01,3.602950600076780807e-01,2.275272414399222565e-01,2.970713426752241149e-01,2.874344126366235735e-02,-1.331292061916742805e-02,2.002621230109234984e-01,8.729286100668008641e-02,2.151355563923568470e-01,2.158077313908600692e-01,2.364299202325475524e-01,9.761767161823763561e-04,1.099379288154464203e-03,1.753810412044436162e-02,1.007664605288276878e-03,5.864074384896886434e-03,1.070627199619672565e-03,8.334864319454669823e-02,5.354351030673715987e-04,7.783081112233958525e-04,2.240006899973677294e-03,3.356563790560298990e-03,1.240659425889082757e-03,2.260313518149517642e-02,-1.250521050437682427e-02,2.016893369388448881e-08,1.746411057812706780e-01,-2.346335046763292631e-03,2.174392288778470572e-04,2.750178630229038745e-02,-1.999652018429303423e-03,4.249999999999998224e-02,8.280607054913247111e-01,3.007570245388380137e-02,-6.957222722368294754e-01,-1.234554487239587495e-01,5.338769737727722120e-02,-1.196762033907617373e-01,-5.119224002464409784e-01,-1.208722552435829711e-01,-3.069282057377764605e-02,-1.409040420510602742e-01,2.848080429511397060e-01,2.050260029411716256e-01,2.408119427502856680e-01,-1.166248992196158938e-03,1.224669479377492407e-04,-3.048382777854163894e-02,3.951676624170252913e-04,-4.058221486084989844e-03,4.795161898406292544e-04,2.964798531162413098e-02,-3.781625568646194415e-04,-2.904960106832204809e-04,-1.707106843155968556e-03,-1.545806239098692324e-02,9.320512068944008469e-04,4.325197955413528916e-03
1.542309295539808292e-02,1.153295494336478965e-06,1.954479170418828460e+00,3.841246357828203561e-01,3.315841656766770340e-01,6.453777889541235657e-01,4.602860745355354978e-03,1.083333333333333370e-02,-3.908346779392273618e+01,1.805633681005382130e+00,5.248818208700567478e-01,3.660296145826436587e-01,3.984085783023968985e-01,1.080932843561250439e-01,8.689776098125076564e-02,-9.485132494102512662e-03,1.698179284638523245e-01,1.273177120045988486e-01,-2.882762603788044387e-02,6.105258114728331215e-02,1.007754499336718651e-01,8.963876245821345012e-04,2.363863245287324967e-04,1.040337180362918001e-01,8.028639711465546808e-04,5.987438073578921043e-03,5.196106678409296870e-04,2.903678315463807391e-01,2.555577189097415851e-04,4.808372210373999898e-04,2.781882489088258019e-03,1.127105409826817915e-02,2.283070596524763938e-04,8.203582928665623109e-02,1.542309295539808292e-02,1.066937091784828415e-06,-5.434292668224225409e-01,-7.800887823762858719e-02,2.357068424802022388e-02,-1.745252668907478988e+00,4.033342639991659151e-03,-7.008333333333333082e-01,2.088265069584849698e+00,1.104876236291329361e+00,3.729954662256893538e-01,5.734554574965577967e-03,1.708813368624746420e-01,-1.889780583190990848e-01,5.815431971758840829e-02,3.827788125064915392e-03,-3.044419454707117390e-02,4.002485099791876222e-02,-2.439631824302372909e-01,-1.547551502435767501e-01,-1.356544702988756734e-01,-7.978909160024185484e-05,-8.629929636257316523e-04,8.649561391584743852e-02,-2.048006341417221970e-04,1.233636886820346085e-04,-5.510165317787428779e-04,2.070191883518340270e-01,-2.798773841576300135e-04,-2.974708901859958628e-04,5.418755891145807246e-04,7.914490307707879729e-03,-1.012352366236606363e-03,5.943269410516105467e-02
2.209253855773238989e-02,1.464362323438368271e-06,2.689149498239593150e+00,4.018728113538587166e-01,3.236153602936120977e-01,7.491012288800139585e-01,9.978350597167329455e-04,4.250000000000000305e-02,-3.882004497268156484e+01,1.525754858847701678e+00,5.399993824683060328e-01,3.223614227636307783e-01,1.541428462206849703e-01,3.184885120150859894e-01,1.345069856480071713e-01,-5.151605899227781893e-02,1.048024945126892482e-01,-7.743216080652377820e-02,5.771654912356031369e-02,-9.186164529161783276e-02,7.351759491668150015e-03,1.131160943740417606e-03,1.460514996014653291e-04,2.702180196896085060e-02,1.722291904478961706e-03,1.484562789564534881e-03,4.951236712107889718e-04,3.538603049952457336e-01,2.043728109394748061e-04,5.037072307916130821e-04,1.276232015146276568e-03,7.940944779760896605e-03,2.065007910625632785e-04,9.701868088849602279e-02,6.669445602334306972e-03,3.110668291018893059e-07,7.346703278207646903e-01,1.774817557103836041e-02,-7.968805383064936354e-03,1.037234399258903927e-01,-3.605025685638621816e-03,3.166666666666666935e-02,2.634228212411713343e-01,-2.798788221576804514e-01,1.511756159824928503e-02,-4.366819181901288038e-02,-2.442657320817119282e-01,2.103952276589609593e-01,4.760922466675640563e-02,-4.203092649817530280e-02,-6.501543395116307633e-02,-2.047498728111226129e-01,8.654417516144075062e-02,-1.529142264389011518e-01,-9.342369044200371508e-02,2.347733191582831048e-04,-9.033482492726716754e-05,-7.701191606733094608e-02,9.194279333324070248e-04,-4.502875284014386595e-03,-2.448699663014071524e-05,6.349247344886499445e-02,-5.118490797026677900e-05,2.287000975421309232e-05,-1.505650473941981451e-03,-3.330109318507282548e-03,-2.180626858991311528e-05,1.498285160183979170e-02
3.167986661108795204e-02,1.943732711423619589e-08,2.645545769363365274e+00,4.764951258014447633e-01,2.946357376161042319e-01,2.798416047602728440e+00,4.804732522027661476e-03,5.541666666666666963e-01,-4.320006723823086503e+01,4.372896354945511876e-01,1.606638537309367787e-01,1.876330132853317734e-01,7.724458079172003000e-02,-3.049992953838840531e-02,8.456347638601618977e-03,-1.144555743702188044e-01,1.794400956046754425e-02,9.201380215989567180e-02,1.800637011434322865e-01,9.645532927537681100e-02,3.500428872413854919e-02,1.912874340439099608e-03,8.368642747617374396e-04,3.839183729699185976e-03,1.446286665672465253e-03,3.523575778520031138e-03,2.450645355741899040e-03,2.957515016303387256e-02,3.062345563477894723e-03,1.461068922399499492e-03,1.644801060752000858e-03,5.500994548553618697e-03,1.079520915290299544e-03,7.612993966879395315e-03,9.587328053355562152e-03,-1.444924996324132154e-06,-4.360372887622787630e-02,7.462231444758604670e-02,-2.897962267750786580e-02,2.049314818722714371e+00,3.806897462310928314e-03,5.116666666666667140e-01,-4.380022265549300187e+00,-1.088465223353150435e+00,-3.793355287373692541e-01,-1.347284094782990049e-01,-7.689826542896494033e-02,-3.489884415534744155e-01,-1.260506380094055523e-01,-6.293951537794098550e-02,-8.685848495222170396e-02,1.694459629664194500e-01,1.223471520198719797e-01,1.883169745669946438e-01,2.765252923247039918e-02,7.817133966986820025e-04,6.908127751602720834e-04,-2.318261823926166462e-02,-2.760052388064964529e-04,2.039012988955496257e-03,1.955521684531110176e-03,-3.242851548322118749e-01,2.857972752538419890e-03,9.573616916078864095e-04,3.685690456057242898e-04,-2.439950231207277907e-03,8.730201242277362385e-04,-8.940568692161662834e-02
1.292205085452271807e-01,6.733874126450782224e-07,2.265909244248808463e+00,4.389306861036988416e-01,3.186605427687283498e-01,1.007407643995097857e+00,3.509324900058450811e-03,3.116666666666666474e-01,-4.044010046463748864e+01,7.529068672232508419e-01,2.545957209035302204e-01,1.490638088393214655e-01,2.478240646055142049e-01,1.130526336739506033e-01,-1.613352721283891344e-01,-8.211566797598239542e-02,-1.209476576448783591e-01,-1.351493462380659316e-01,-1.426192030596371563e-01,-1.463587193580982437e-01,-3.957739310933895693e-02,3.640849306120377674e-04,1.927158189108345841e-04,2.799197786967606502e-02,2.090352208588020736e-03,5.113389449207474038e-04,7.157027613343564789e-04,2.937730259530335619e-01,1.592867249202423164e-04,2.595580379495016250e-04,5.041616340879685873e-04,1.398097757404565607e-04,4.302165590144624622e-04,8.071247738440225084e-02,9.754064193413922168e-02,6.539500855308420000e-07,-3.796365251145568109e-01,-3.756443969774592162e-02,2.402480515262411798e-02,-1.791008403607630584e+00,-1.295407621969210665e-03,-2.425000000000000488e-01,2.759966773593376388e+00,3.156172317286996543e-01,9.393186717259344176e-02,-3.856920444601030784e-02,1.705794838137941749e-01,1.435525632123390016e-01,-1.697916197669907534e-01,3.233990639423640900e-02,-1.388916672053459034e-01,-2.271631483979615895e-01,-3.226829042030694428e-01,-2.428140486334750547e-01,-7.458168183347750613e-02,-1.548789409827061895e-03,-6.441484558509028013e-04,2.415279413997687905e-02,6.440655429155554834e-04,-3.012236833599283951e-03,-1.734942594407542452e-03,2.641978757899997032e-01,-2.903058838557652597e-03,-1.201510884449997867e-03,-1.140639426664032379e-03,-5.361184772813162164e-03,-6.493043562758370277e-04,7.309948341752285639e-02
4.251771571488120044e-02,2.923306700473161799e-07,2.225947529958334226e+00,4.118034545386411449e-01,2.999107848905480100e-01,1.841464813060075922e+00,1.408128783924509969e-03,5.308333333333333792e-01,-3.973817760164071444e+01,1.077557919813931786e+00,-7.699328971078141237e-02,9.071235669285473979e-02,7.017257092060731616e-02,2.762074268880421180e-01,2.538469061201269472e-01,3.386265087454008449e-01,5.214207242458088754e-01,1.045035952245663979e-02,-1.791640052482477152e-01,-2.690353913996039736e-01,1.958211063828164261e-02,1.620427930369516909e-03,1.373004491281668059e-03,2.151343620690154834e-02,8.790377592561354411e-04,1.608670011667198219e-03,1.042666660815004965e-03,1.626795960068168345e-01,4.853503395003044493e-04,8.611463606897332059e-04,1.837264570143130101e-03,5.789079153214015186e-03,1.998099514893357694e-03,4.433627747517890350e-02,-8.670279283034598716e-02,-3.810567425977620425e-07,-3.996171429047423729e-02,-2.712723156505769673e-02,-1.874975787818033979e-02,8.340571690649780656e-01,-2.101196116133940625e-03,2.191666666666667318e-01,7.019228629967741995e-01,3.246510525906809441e-01,-3.315890106143116189e-01,-5.835145214646672573e-02,-1.776514936849069026e-01,1.631547932140915147e-01,4.151821782485161094e-01,4.207421767213832542e-01,6.423683818906872345e-01,1.455997057605225575e-01,-3.654480218861055896e-02,-1.226766720415057299e-01,5.915950374762059955e-02,1.256342999757479196e-03,1.180288672370833529e-03,-6.478541662774516680e-03,-1.211314449331885295e-03,1.097331066746450815e-03,3.269638994806484860e-04,-1.310934299462167274e-01,3.260636145800621059e-04,6.015883227402315809e-04,1.333102936055161405e-03,5.649269377473558652e-03,1.567882955878895177e-03,-3.637619990922334734e-02
1.600666944560233396e-01,2.827189688653220968e-05,1.741324081642793509e+00,2.803524772802639120e-01,2.110392117344735419e-01,2.027408063069882971e+00,2.633067301309489298e-03,3.691666666666666430e-01,-3.283925753766774847e+01,1.390106918080374232e+00,-1.776122615752320222e+00,-7.979740418277400105e-01,-1.456316021862034404e-01,2.777573639259006688e-01,-2.624486598798724257e-01,-1.815955194669700568e-01,2.566175160687820048e-02,-3.781204229136085893e-01,-2.947917845454308128e-01,-5.161408410405852187e-01,1.512972736193152479e-01,4.372070171968981192e-03,4.180755813671859465e-03,1.132665660507816037e-02,8.179127047350930046e-03,5.793065360303928206e-03,4.526785766466422632e-03,5.096112522497742853e-03,3.402355773039319759e-03,5.574200212294954694e-03,1.027821676710915198e-02,1.016683002633604962e-02,7.217142622722614968e-03,2.593300313982558041e-03,1.175489787411421461e-01,2.797956621648489334e-05,-4.846234483155407169e-01,-1.314509772583772329e-01,-8.887157315607446817e-02,1.859432500098070484e-01,1.224938517384979329e-03,-1.616666666666667362e-01,6.898920063972965977e+00,3.125489982664424460e-01,-1.699129326041538768e+00,-8.886863985205947225e-01,-2.158041731068107705e-01,1.549937037858550859e-03,-5.162955659999993729e-01,-5.202220282123708461e-01,-4.957589726389306506e-01,-3.885707824360652429e-01,-1.156277792971830976e-01,-2.471054496409812451e-01,1.317151629810336122e-01,2.751642241599464283e-03,2.807751322390191623e-03,-1.018677960182338797e-02,7.300089288094794605e-03,4.184395348636730204e-03,3.484119105651417667e-03,-1.575834834843190813e-01,2.917005433539015310e-03,4.713053851605221271e-03,8.440952196966021448e-03,4.377750873122034439e-03,5.219043107829257275e-03,-4.174297716119634849e-02
1.729887453105460604e-01,2.077803761781363563e-06,2.692170420153608745e+00,3.158742875200280520e-01,2.688437624154619843e-01,1.812333512856999951e+00,1.249183926150522657e-03,3.691666666666666430e-01,-3.592243469488321495e+01,8.826873901906564512e-01,-1.392284266362098011e+00,9.967549143858997485e-02,3.737368366412193721e-01,2.458779303353864770e-02,-3.082037395373366517e-01,-2.322759632909862648e-01,-3.493947632192777319e-02,-1.512514924078828260e-01,1.766977482854347192e-01,-1.451028958639998534e-01,-2.054039138419794241e-01,3.062250397586927225e-03,1.917097905393158434e-03,9.212879665803728330e-03,4.633290833802630217e-03,3.985473070276190043e-03,5.958952747335473886e-03,5.935244876115008950e-02,2.652377598212371599e-03,5.499981913627367477e-03,5.755471143806569802e-03,8.066081079015883365e-03,1.152815076345285739e-02,1.508079552133321198e-02,1.292205085452272084e-02,-2.619409312475084442e-05,9.508463385108152366e-01,3.552181023976413998e-02,5.780455068098844240e-02,-2.150745502128830200e-01,-1.383883375158966641e-03,0.000000000000000000e+00,-3.083177157215466480e+00,-5.074195278897177808e-01,3.838383493902222110e-01,8.976495332663300131e-01,5.193684388274227848e-01,-2.531695708923620280e-01,-4.575507965746422601e-02,-5.068044382401620807e-02,-6.060122792880597020e-02,2.268689305057257632e-01,4.714895328308655320e-01,3.710379451765853931e-01,-3.567011874612946443e-01,-1.309819774382053967e-03,-2.263657908278701031e-03,-2.113776939274432040e-03,-3.545836213548299830e-03,-1.807592290027738163e-03,1.432166980869051254e-03,5.425633623865235011e-02,-7.499781748269481602e-04,-7.421829866758721667e-05,-4.522745623302582181e-03,-2.100748947320166260e-03,4.311008140730242418e-03,1.248749520735065351e-02
1.871613172155064675e-01,4.757719675025536668e-07,2.705999420366644870e+00,3.818316738076502070e-01,3.058831044031823931e-01,1.518717498330884208e+00,1.220160660649352146e-03,4.450000000000000067e-01,-3.823344399962106621e+01,1.375166823564580865e+00,-5.249127511831864767e-01,1.149450851859038641e-02,2.916268886172228014e-01,1.349112842757204389e-01,-1.965002835034340423e-01,-2.959089722848804449e-01,4.840508470381825468e-02,2.593601409419598811e-02,-2.334489437683461288e-01,-1.740914844459768573e-01,9.796493009753667880e-02,1.005133118524125478e-03,1.066393531454802590e-03,6.367109058204148408e-02,3.476768699384485527e-03,9.262411236952459298e-03,5.986295288508232046e-03,7.857101464945180636e-02,2.950466680901125960e-03,2.605610055472212284e-03,4.703637596555195963e-03,6.778055935945469408e-03,4.845622941128060850e-03,2.520023483392221444e-02,1.417257190496040709e-02,-1.602031794278809791e-06,1.382900021303612448e-02,6.595738628762215505e-02,3.703934198772040887e-02,-2.936160145261157428e-01,-2.902326550117051082e-05,7.583333333333336368e-02,-2.311009304737851267e+00,4.924794333739244134e-01,8.673715151789115341e-01,-8.818098291999959537e-02,-8.210994802399657067e-02,1.103234912421817981e-01,1.117034560339026095e-01,-6.363300899389418008e-02,8.334456102574602787e-02,1.771875065020788176e-01,-4.101466920537808480e-01,-2.898858858197700394e-02,3.033688439395161307e-01,-2.057117279062801746e-03,-8.507043739383558442e-04,5.445821091623775922e-02,-1.156522134418144689e-03,5.276938166676269255e-03,2.734254117275815993e-05,1.921856588830171686e-02,2.980890826887543608e-04,-2.894371858155155193e-03,-1.051833547251373839e-03,-1.288025143070413957e-03,-6.682527822324796536e-03,1.011943931258900246e-02
1.238015839933305495e-01,8.818517868301927598e-07,2.684208430999190043e+00,3.591663816430995526e-01,3.120407705298356982e-01,1.008571712924546393e+00,1.324525319669133403e-03,2.391666666666666663e-01,-3.772428962661840046e+01,1.748508775708772278e+00,-2.938125717484699889e-02,1.192226223286406567e-01,2.761035478973558055e-01,-1.135152683884521063e-01,-3.036965995485854317e-02,3.230859523624878687e-02,1.034985688163732875e-01,7.066168342466387121e-03,2.222732250059314407e-02,-3.365198751687232398e-02,-2.335872097239819617e-02,1.385506757995708191e-03,1.067190843865872991e-03,3.636741149242813526e-02,2.018275727202482623e-03,5.863606141824648753e-03,6.674628883046879700e-03,1.723104811962420657e-01,4.889353494936089870e-04,6.170678620813682116e-04,3.469972991375044544e-03,4.271941235516658712e-03,2.900119314030908963e-03,4.694049606862919777e-02,-6.335973322217591797e-02,4.060798193276390930e-07,-2.179098936745482717e-02,-2.266529216455065443e-02,6.157666126653305039e-03,-5.101457854063378150e-01,1.043646590197812567e-04,-2.058333333333333404e-01,5.091543730026657499e-01,3.733419521441914135e-01,4.955314940083394570e-01,1.077281138100502633e-01,-1.552334071986699593e-02,-2.484265526641725452e-01,1.661306235485754956e-01,3.282175675211292387e-01,5.509348411255503286e-02,-1.886984575172960185e-02,2.556762662689392451e-01,1.404394969291045403e-01,-1.213236510699348680e-01,3.803736394715827134e-04,7.973124110704013501e-07,-2.730367908961334883e-02,-1.458492972182002904e-03,-3.398805095127810545e-03,6.883335945386476543e-04,9.373946654679025936e-02,-2.461531331407517190e-03,-1.988542193390843964e-03,-1.233664605180151419e-03,-2.506114700428810696e-03,-1.945503627097151886e-03,2.174026123470698332e-02
1.308878699458107531e-01,1.101722989296128473e-06,2.990515177444173389e+00,3.357465273206310941e-01,3.055580060457113167e-01,1.385104385341572986e+00,2.262936929572982939e-03,3.375000000000000222e-01,-3.668166013756320609e+01,1.706976159252282299e+00,4.499900079759848737e-01,4.728775197669079500e-01,4.366575751922585624e-01,2.538799693875078145e-02,-1.345862690193141975e-02,1.193586031444189149e-01,1.562737326238662350e-01,1.632982747500299481e-01,2.881716489757198407e-01,7.491429204860110269e-02,-5.966832980903820360e-02,6.879961557634419952e-03,1.556918579345220252e-03,5.615827778750715621e-02,3.148284508189864214e-03,9.874638226329893881e-03,3.070931938466877394e-03,9.622489459404495737e-02,7.685665969579956631e-04,4.383265461404065033e-03,6.699368199165427022e-03,4.043088629631510361e-02,4.199705201013455638e-03,2.851477367599664428e-02,7.086285952480203543e-03,2.198712024659357137e-07,3.063067464449833466e-01,-2.341985432246845855e-02,-6.482764484124381443e-03,3.765326724170265926e-01,9.384116099038495359e-04,9.833333333333335591e-02,1.042629489055194369e+00,-4.153261645648997913e-02,4.793712651508318934e-01,3.536548974382672794e-01,1.605540272949027569e-01,1.389032653272028739e-01,1.691103305292712342e-02,8.705000790817013501e-02,5.277516380749294744e-02,1.562321064075635479e-01,2.659443264751266689e-01,1.085662795654734336e-01,-3.630960883664000743e-02,5.494454799638712195e-03,4.897277354793472606e-04,1.979086629507902095e-02,1.130008780987381591e-03,4.011032084505245128e-03,-3.603696944580002306e-03,-7.608558660219710834e-02,2.796312474643866761e-04,3.766197599322696713e-03,3.229395207790382478e-03,3.615894506079844750e-02,1.299585886982546675e-03,-1.842572239263255349e-02
3.918299291371404869e-02,1.409963514483651009e-02,2.574339351914538110e+00,8.338767594333779121e-02,1.418549303462877942e-01,1.546650740120170398e-01,1.533662714649413651e-02,2.666666666666666838e-02,-2.433353918360186086e+01,2.570981781301450386e+00,-6.400589786308323870e-01,-7.968223472543720654e-01,-7.933215721712414403e-01,-1.352789127074738862e-01,1.241456534103501319e+00,-7.503868107858896463e-02,-3.201398823801137605e-01,3.001758678038406458e-01,7.611262674799983141e-02,6.412303710662307921e-02,9.582324910539333218e-02,4.314565795971952653e-03,3.927936744454440729e-03,2.146960883938520831e-02,3.821267153333669092e-02,2.856465917851838676e-02,2.781612227953378542e-03,2.347435002616867980e-02,9.440023121830365752e-03,3.358616216890907610e-03,5.345360426618611487e-03,1.594450511300006187e-02,1.236391699783028451e-02,1.110675833568617460e-02,-9.170487703209670438e-02,1.409853342184721331e-02,-4.161758255296352793e-01,-2.523588513772933029e-01,-1.637030756994235225e-01,-1.230439311329555974e+00,1.307369021692115357e-02,-3.108333333333333504e-01,1.234812095396134524e+01,8.640056220491680872e-01,-1.090048986606817261e+00,-1.269699867021280015e+00,-1.229979147363500003e+00,-1.606669096462246538e-01,1.254915161005432767e+00,-1.943972842230078935e-01,-4.764136150039799955e-01,1.368775930538106977e-01,-2.120590222277199954e-01,-1.079125494197802348e-02,1.554915789144315497e-01,-2.565395761662467300e-03,2.371018165109220477e-03,-3.468866894812194790e-02,3.506438702514682454e-02,1.869002095218849288e-02,-2.893197105134988519e-04,-7.275054456787627410e-02,8.671456524872370522e-03,-1.024649244513157424e-03,-1.354007772546815536e-03,-2.448638118331504174e-02,8.164211796816828876e-03,-1.740801534031046968e-02
2.959566486035848307e-02,9.147791889650501440e-02,3.188926229041613603e+00,8.137881668939307700e-02,1.212145461202513846e-01,1.957148489943596747e-01,1.784806808066139241e-02,5.000000000000000278e-02,-2.173355255998094293e+01,1.587261383243550483e+00,-1.543323916273168672e+00,-2.427779976160090447e-01,2.441115532081983563e-01,-1.286250939687527683e-01,2.129897186566380440e-01,-2.691291207533419438e-02,-5.968718963358354834e-01,4.039597064578438479e-01,4.081975064048034424e-02,-2.885594286128452257e-01,4.351793981581182635e-02,2.484400915236218733e-03,7.221597680287134306e-04,7.847109501345166235e-04,1.460735409089838725e-03,5.420671840945659459e-02,9.952562144041828679e-03,4.852351429106556251e-03,6.582962608861310039e-04,1.102633848536393318e-01,1.440694029509177613e-03,2.586440464020566942e-03,2.190998179263114326e-02,3.161782114547337375e-02,-9.587328053355565621e-03,7.737828375166849737e-02,6.145868771270754927e-01,-2.008859253944714207e-03,-2.064038422603640954e-02,4.104977498234263500e-02,2.511440934167255903e-03,2.333333333333333440e-02,2.599986623620917925e+00,-9.837203980578999030e-01,-9.032649376423362853e-01,5.540443496383630206e-01,1.037433125379439769e+00,6.653818738721117843e-03,-1.028466815446863247e+00,4.812576900325477025e-02,-2.767320139557217229e-01,1.037838386540032021e-01,-3.529287610751948717e-02,-3.526824657194683188e-01,-5.230530928958150583e-02,-1.830164880735733919e-03,-3.205776976425727190e-03,-2.068489788925069114e-02,-3.675193612424685480e-02,2.564205923093820783e-02,7.170949916088450136e-03,-1.862199859706212268e-02,-8.781726860944234422e-03,1.069047686367484290e-01,-3.904666397109434091e-03,-1.335806464897949450e-02,9.546064794800858747e-03,2.051106280978719915e-02
3.334722801167153139e-02,9.718489138336802724e-02,3.192816597977078619e+00,6.891028765794081357e-02,9.330771316439866181e-02,1.973133529883063508e-01,5.114415479174744782e-03,4.666666666666666879e-02,-2.160624006875627856e+01,1.641971407839228014e+00,-1.488282234931508352e+00,-8.768123290918318213e-01,-3.509739279474433093e-01,-2.424413065349053098e-01,-1.468350254498790308e-02,-4.957332082053659411e-02,-5.024411177369160209e-01,4.216657175633038990e-01,3.216392923208947763e-01,-4.983069569114527420e-02,2.894852929275240072e-01,1.739284706847840992e-02,1.242557669461056939e-03,1.583435450325116614e-03,2.113628396580965920e-04,6.811744059828689357e-02,3.121543327467549492e-02,1.034242266665313936e-02,8.750368700997227835e-04,4.282639700915576858e-02,2.841264803442426334e-03,3.349206133397890795e-03,1.078504298322396394e-02,2.034140472352259643e-02,3.751563151313048322e-03,5.706972486863012839e-03,3.890368935465016165e-03,-1.246852903145226343e-02,-2.790683295585272283e-02,1.598503993946676083e-03,-1.273365260148664677e-02,-3.333333333333333981e-03,1.273124912246643703e-01,5.471002459567753107e-02,5.504168134166032011e-02,-6.340343314758227766e-01,-5.950854811556416379e-01,-1.138162125661525415e-01,-2.276732212016259471e-01,-2.266040874520239973e-02,9.443077859891946257e-02,1.770601110546005108e-02,2.808195416804144529e-01,2.387287329216999376e-01,2.459673531117121947e-01,1.490844615324219205e-02,5.203979014323435086e-04,7.987245001905999902e-04,-1.249372569431742106e-03,1.391072218883029898e-02,2.126287113063366624e-02,5.490071237546583112e-03,2.167406092135917796e-04,-6.743698784448357020e-02,1.400570773933248721e-03,7.627656693773238530e-04,-1.112493880940717932e-02,-1.127641642195077731e-02
3.126302626094205894e-02,6.098250372409153366e-03,2.345817859429952801e+00,7.482172934338664205e-02,1.331043093650894904e-01,6.295193242166859104e-02,1.627633724112621458e-02,2.833333333333333190e-02,-2.548864406173747810e+01,3.146268349119944574e+00,-5.274652366375425228e-01,4.084193143831924000e-02,-2.287590175082990229e-01,-8.273410490427577368e-01,-2.046047271546857504e-01,-7.256193209456560100e-02,-2.568801552398654597e-01,5.229618011256811361e-01,2.857383744065539188e-01,-2.351908679404284275e-01,3.591703207633137329e-01,4.626040009231949073e-03,2.034386093113683437e-03,2.736313824219674916e-03,6.215975760557078400e-02,5.172179537667602467e-02,2.844004360588473640e-02,9.090516230535684167e-03,2.668183269843548409e-04,8.692138058014112906e-03,1.952220517147956053e-02,3.750662730126411853e-02,2.335482280917510964e-02,1.970145735507270596e-02,-2.084201750729472447e-03,-9.108664101095886867e-02,-8.469987385471258179e-01,5.911441685445828487e-03,3.979659620069082859e-02,-1.343614205666377459e-01,1.116192176195146893e-02,-1.833333333333333690e-02,-3.882403992981199536e+00,1.504296941280716560e+00,9.608169982939658293e-01,9.176542605301510891e-01,1.222149104391442864e-01,-5.848997425078523715e-01,-1.899212246096978474e-01,-2.298861127402900689e-02,2.455609624970505611e-01,1.012960835623772371e-01,-3.590091791434085744e-02,-1.853601722492831394e-01,6.968502783578972570e-02,-1.276680705924645998e-02,7.918284236526264980e-04,1.152878373894558302e-03,6.194839476591268435e-02,-1.639564522161086890e-02,-2.775389668790758518e-03,-1.251906436117455196e-03,-6.082185431153679968e-04,-3.413425895114165221e-02,1.668094036803713376e-02,3.415742116786622817e-02,1.256977982595114569e-02,-6.399473684498904746e-04
1.446436015006252740e-01,2.267121315064194332e-03,3.100827362208467441e+00,2.197750034180888379e-01,1.809713932875700870e-01,1.346175504273281254e+00,1.065690079360373521e-02,2.966666666666666896e-01,-2.731894317770302649e+01,2.613732153895324650e+00,8.374724763036722752e-01,-1.208485744495323838e-01,-6.936175477410375656e-01,-7.873420996220840129e-01,6.028781854103605342e-01,1.022361013046887007e-01,2.704190429791099026e-01,2.341552446505291984e-01,-1.689096505977244755e-01,-2.515606925206801403e-01,-4.991577800202752491e-02,4.445689433772461591e-03,5.199998190464225935e-03,2.329385685329326758e-02,1.240142494541714331e-02,7.156927209439813142e-02,1.938446275031647332e-03,5.032666160514575465e-03,5.318189934877845353e-04,1.869350091991533189e-03,1.137847830300434994e-02,4.471019452785250647e-02,7.874141342017710460e-03,2.056005949990364484e-02,1.133805752396832150e-01,-3.831129057344959035e-03,7.550095027785146407e-01,1.449532740747022097e-01,4.786708392248059662e-02,1.283223571851612732e+00,-5.619436447522479366e-03,2.683333333333333681e-01,-1.830299115965548395e+00,-5.325361952246199237e-01,1.364937712941214798e+00,-1.616905058878516099e-01,-4.648585302327385427e-01,3.999894942067372394e-02,8.074829125650462291e-01,1.747980333992543156e-01,5.272991982189754179e-01,-2.888065564751519654e-01,-4.546480250042783666e-01,-1.636982458025171283e-02,-4.090860987653412439e-01,-1.803505754594874819e-04,3.165612097350542498e-03,2.055754302907359179e-02,-4.975833266015364242e-02,1.984747671772210675e-02,-2.650159733085308972e-02,-4.057850070021108702e-03,2.650006665034296944e-04,-6.822787966022579934e-03,-8.143726868475210587e-03,7.203567226588387939e-03,-1.548068146715739918e-02,8.586021448309388848e-04
4.710295956648603843e-02,5.312857378606991934e-03,3.177466355434399148e+00,1.507954023359360518e-01,1.799253110208842432e-01,3.666974776631131139e-01,5.774063518915842873e-03,2.000000000000000042e-02,-2.633398983595044385e+01,2.392222553626200732e+00,1.426052639767646291e+00,-3.582952224582383605e-01,-1.139327855340755757e+00,-5.044976140119685759e-01,1.814785158879989591e-01,2.593656740775517056e-04,6.706560052378589543e-01,-1.351160995332457704e-01,-1.097665007687297634e-01,3.367348289553838414e-02,-1.946730722292125404e-02,3.738443174644295701e-03,4.682610780870912447e-03,5.123359037105388453e-02,4.646546306433553541e-02,3.421274241596457266e-02,1.602167253762162152e-03,1.497437484253815116e-03,4.347278700761965023e-05,2.073447105106494652e-03,6.407948804159752099e-02,1.561215457240188245e-02,3.312853294233023514e-03,2.237421774060937077e-02,-9.754064193413923556e-02,3.045736063542797602e-03,7.663899322593170638e-02,-6.897960108215278607e-02,-1.046082266685843809e-03,-9.794780266101681399e-01,-4.882837274687892339e-03,-2.766666666666666718e-01,9.849533417525826451e-01,-2.215096002691239185e-01,5.885801634639740154e-01,-2.374466480087059628e-01,-4.457103075997181918e-01,2.828444856101154370e-01,-4.213996695223615752e-01,-1.019767356306111455e-01,4.002369622587490516e-01,-3.692713441837749411e-01,5.914314982899471218e-02,2.852341754162185383e-01,3.044847077910627087e-02,-7.072462591281658897e-04,-5.173874095933134881e-04,2.793973351776061695e-02,3.406403811891839384e-02,-3.735652967843355876e-02,-3.362790212694851798e-04,-3.535228676260760566e-03,-4.883462064801648512e-04,2.040970131149614630e-04,5.270100973859317278e-02,-2.909803995545062402e-02,-4.561288047784686946e-03,1.814158240705725927e-03
2.742809503959983131e-01,2.864407384168417801e-03,3.288364973953303849e+00,3.057021166253331979e-01,1.745481211548094991e-01,2.416811018186748594e+00,1.007713667432170133e-02,4.333333333333333481e-01,-2.831966605810188042e+01,2.134340466536820191e+00,1.458100281005925591e+00,-3.736909796867596834e-01,-6.456555452193013522e-02,-2.006557384214318340e-01,-2.945549217637580264e-04,-1.302126634389429438e-01,2.134069104689824137e-01,-2.918145740604040639e-01,-1.408337993800107268e-02,5.521140373190937256e-02,4.399298828408661211e-02,2.414055111003531474e-03,4.704654601883675449e-04,9.096336579019394936e-03,2.094054994217717583e-02,1.266559667599458268e-02,2.788741829713945949e-03,3.449809588958936170e-03,2.711860308010925757e-03,1.301663404887148110e-03,1.666415257947808162e-03,3.790551540761762268e-03,1.945822158790075319e-03,5.802873198754401884e-03,2.271779908295122885e-01,-2.448449994438574133e-03,1.108986185189047013e-01,1.549067142893971460e-01,-5.377189866074744140e-03,2.050113540523635258e+00,4.303073155405858462e-03,4.133333333333333304e-01,-1.985676222151436576e+00,-2.578820870893805406e-01,3.204764123827930078e-02,-1.539575722852132289e-02,1.074762300818825622e+00,3.038418755905367696e-01,-1.817730708097627101e-01,-1.304720291130204990e-01,-4.572490947688765406e-01,-1.566984745271582935e-01,9.568312083072869068e-02,2.153792083637098842e-02,6.346029550700786614e-02,-1.324388063640764227e-03,-4.212145320682545227e-03,-4.213725379203449306e-02,-2.552491312215835959e-02,-2.154714573996999172e-02,1.186574575951783797e-03,1.952372104705121054e-03,2.668387521003305965e-03,-7.717837002193465423e-04,-6.241307278364971456e-02,-1.182160303164012105e-02,-1.367031135442948195e-03,-1.657134454185496888e-02
2.696957065443935098e-01,2.856413531875798967e-03,3.011857127913478482e+00,2.958132416984514124e-01,1.901964929843681373e-01,2.314631379188628824e+00,9.471806904322206677e-04,4.375000000000000000e-01,-2.682923062651463653e+01,2.204035628302077665e+00,2.660686380996046818e-01,1.481297152943944484e-01,5.927568771972338557e-02,-5.873739588155504898e-02,-6.668052961215796028e-03,1.028689559529478298e-02,4.222917847809714437e-02,-1.981754662103196035e-02,-5.707971938441611798e-02,-1.923098252329285412e-02,-1.819314408760340229e-01,7.816473908416070662e-03,1.338676537985360919e-03,8.973889187689737534e-03,1.095088408578454194e-02,7.007235640452265553e-03,3.190534146820634288e-03,1.256180164624049952e-02,1.388745730443261906e-03,1.944699144371690204e-03,6.879778235047490607e-03,7.387568810720769770e-03,1.203443441245107730e-03,3.803614516663008250e-03,-4.585243851604803300e-03,-7.993852292618834621e-06,-2.765078460398253668e-01,-9.888874926881785488e-03,1.564837182955863826e-02,-1.021796389981197706e-01,-9.129955983889480667e-03,4.166666666666651864e-03,1.490435431587243897e+00,6.969516176525747397e-02,-1.192031642906320910e+00,5.218206949811541318e-01,1.238412422416535208e-01,1.419183425398767850e-01,-6.373498039452038001e-03,1.404995590342377199e-01,-1.711777319908852624e-01,2.719970274393720966e-01,-4.299633944641504529e-02,-7.444238625520221975e-02,-2.259244291601206212e-01,5.402418797412539622e-03,8.682110777969933744e-04,-1.224473913296574012e-04,-9.989665856392633894e-03,-5.658361035542317126e-03,4.017923171066883382e-04,9.111992057281564222e-03,-1.323114577567663852e-03,6.430357394845420942e-04,5.213362977099682445e-03,3.597017269959007502e-03,-7.423787175449675889e-04,-1.999258682091393634e-03
2.792830345977490719e-02,1.754748672341162330e-02,2.859317407362309105e+00,9.253192603879879796e-02,1.539094518274968515e-01,1.474079992654879490e-01,1.473843614277489319e-02,2.249999999999999917e-02,-2.411552388090492371e+01,2.558721277133712668e+00,6.899565982211535164e-01,-5.513211046407355820e-01,-1.512673767380895429e+00,-5.721661104826254729e-02,2.701983865925467465e-01,3.132117684917191253e-02,4.541217859137768320e-01,6.881706876738302725e-02,-3.415608412623895029e-01,2.952235876507391943e-01,-2.759565294429159876e-01,5.547272254206535302e-02,2.627151525425493357e-03,4.359825078124621167e-02,1.622494710350014940e-02,8.303648884439926089e-03,8.757254121363649071e-03,6.032985346732201368e-03,4.670688289246317559e-05,1.143422033052077843e-03,1.192167547483783188e-02,2.358189264460166384e-02,7.320923403336573355e-03,1.665907813962867051e-02,-2.417674030846186095e-01,1.469107319153582433e-02,-1.525397205511693777e-01,-2.032813156596526283e-01,-3.628704115687128584e-02,-2.167223379923140847e+00,1.379125545234267253e-02,-4.149999999999999800e-01,2.713706745609712812e+00,3.546856488316350031e-01,4.238879601215488346e-01,-6.994508199351300304e-01,-1.571949455100618787e+00,1.520784833292501692e-03,2.768664395537625555e-01,2.103428125387712955e-02,4.118926074356796807e-01,8.863461538841499454e-02,-2.844811218779733641e-01,3.144545701740320554e-01,-9.402508856688196470e-02,4.765624863364928410e-02,1.288474987440132438e-03,3.462436159355647414e-02,5.274063017715607468e-03,1.296413243987660537e-03,5.566719974543015217e-03,-6.528816299508298157e-03,-1.342038847550798683e-03,-8.012771113196123611e-04,5.041897239790341274e-03,1.619432383388089494e-02,6.117479962091465842e-03,1.285546362296566270e-02
3.709879116298457624e-02,5.395188208859733742e-03,2.849818261732552038e+00,8.771041930221062932e-02,1.366330555952415537e-01,2.264179843488269006e-01,6.613712632085239074e-03,7.166666666666667018e-02,-2.545193904416954922e+01,2.578357721879164011e+00,1.007718279733654132e+00,-5.200944516234655701e-01,-1.398697912558018785e+00,7.756572652930526779e-01,-3.354459359384172334e-02,2.345067811371975841e-03,2.752224230345848843e-01,-6.299901299019495804e-01,2.160138608863483578e-02,9.683051206680284850e-02,-1.853898753636875341e-01,9.042752877855957452e-03,2.471400523877986463e-03,6.961834682022312315e-02,4.209772638370329334e-02,2.443531227813130341e-02,1.458685536756433587e-02,6.366496078002069348e-03,1.269800200734646752e-03,5.941165448492125370e-03,2.479525561493699844e-03,7.060214824211087821e-03,1.249013740072411373e-02,1.945880325001823549e-02,9.170487703209669050e-03,-1.215229851455188956e-02,-9.499145629757066445e-03,-4.821506736588168640e-03,-1.727639623225529775e-02,7.900998508333895165e-02,-8.124723510689654121e-03,4.916666666666667102e-02,-1.336415163264625505e+00,1.963644474545134244e-02,3.177616815125006156e-01,3.122665301727001186e-02,1.139758548228766433e-01,8.328738763413152668e-01,-3.037429801863884560e-01,-2.897610903779993669e-02,-1.788993628791919477e-01,-6.988071986693326076e-01,3.631622273510243248e-01,-1.983930755839363458e-01,9.056665407922845357e-02,-4.642996966420939731e-02,-1.557510015475068940e-04,2.602009603897691148e-02,2.587277928020314394e-02,1.613166339369137559e-02,5.829601246200686801e-03,3.335107312698679799e-04,1.223093317842183529e-03,4.797743415440047093e-03,-9.442149913344131604e-03,-1.652167782039057689e-02,5.169213997387540373e-03,2.799725110389564980e-03
1.917465610671113124e-02,1.026158203382138839e-02,3.255211919203848225e+00,7.673951544058972563e-02,1.251034846941380951e-01,1.174566518963589823e-01,9.816617452021763474e-03,2.333333333333333440e-02,-2.503419074572761005e+01,2.649840921064765098e+00,6.835407326617894963e-01,-1.216726396495456108e-01,-7.586168701777895595e-01,5.724682927885021977e-01,-3.657687744015342135e-01,3.436051947793050676e-01,-4.090108914556539466e-01,-1.594435356499163958e-01,2.711580773667868760e-01,-1.968963023081416464e-01,3.286548409787373171e-01,1.827199091147227840e-03,2.812539315768703210e-02,1.702925307612539185e-01,1.077119041617444206e-02,2.338332355115230535e-02,2.963898513489438870e-03,6.260542023867670877e-03,1.236065661163640551e-04,1.751558127104804741e-02,2.748209356023524185e-03,2.775007031053986981e-03,4.305391729497630372e-04,4.553070215713988372e-02,-1.792413505627344500e-02,4.866393824961654652e-03,4.053936574712961871e-01,-1.097090386162090370e-02,-1.152957090110345861e-02,-1.089613324524679183e-01,3.202904819936524400e-03,-4.833333333333333925e-02,4.177482984419391698e-01,7.148319918560108732e-02,-3.241775470718646357e-01,3.984218119739199593e-01,6.400810423802292259e-01,-2.031889725045504802e-01,-3.322241808076925040e-01,3.412601269679330640e-01,-6.842333144902388309e-01,4.705465942520331568e-01,2.495566912781520541e-01,-2.937268143749445226e-01,5.140447163424248789e-01,-7.215553786708729829e-03,2.565399263380904737e-02,1.006741839410307954e-01,-3.132653596752885128e-02,-1.051988726978998062e-03,-1.162295685407489787e-02,-1.059540541343984704e-04,-1.146193634618282615e-03,1.157441582255592204e-02,2.686837945298243407e-04,-4.285207793157100840e-03,-1.205959822777435096e-02,2.607189890712164823e-02
1.458941225510629498e-02,1.140451310287284720e-02,3.162017910639279616e+00,6.034031722875539405e-02,1.132794655953775348e-01,3.544961563247603364e-02,9.978083619570391957e-03,2.416666666666666616e-02,-2.431263274923401951e+01,2.868409367935672361e+00,-3.074357881303633744e-01,3.207543436740137310e-01,-9.531346878078281737e-01,2.203044136016557297e-01,1.510067711097024257e-01,4.132686647932910518e-01,-2.392732827019329322e-01,-5.111817286538260507e-01,4.244645079937927612e-01,-5.688011046656689107e-01,4.210756671547949970e-01,5.222368283472938327e-02,4.158586108425196479e-03,9.052658440858304956e-02,8.860150712240093956e-03,9.546403899762523348e-03,4.433334610250957986e-03,5.692374434433650557e-03,4.254666312618281786e-04,5.296189669598470179e-02,3.393506910035315460e-03,4.155222108168279103e-03,3.744525000203626896e-03,2.769542560640739920e-02,-4.585243851604836260e-03,1.142931069051458803e-03,-9.319400856456860893e-02,-1.639919821183433157e-02,-1.182401909876056034e-02,-8.200703626388294865e-02,1.614661675486284836e-04,8.333333333333317605e-04,7.215579964935905366e-01,2.185684468709072625e-01,-9.909765207921528152e-01,4.424269833235593419e-01,-1.945178176300386141e-01,-3.521638791868464402e-01,5.167755455112366114e-01,6.966347001398598415e-02,1.697376087537210143e-01,-3.517381930039096272e-01,1.533064306270058852e-01,-3.719048023575272643e-01,9.242082617605767991e-02,5.039648374358215305e-02,-2.396680704926183736e-02,-7.976594635267086897e-02,-1.911039703934348105e-03,-1.383691965138978200e-02,1.469436096761519116e-03,-5.681675894340203203e-04,3.018600651454641506e-04,3.544631542493665438e-02,6.452975540117912752e-04,1.380215077114292123e-03,3.313985827253863696e-03,-1.783527655073248452e-02
2.584410170904543474e-02,2.782154609393724942e-02,3.277969762558266442e+00,6.099521182079520321e-02,1.003432695313281747e-01,3.956467631765774040e-02,1.443621120340552767e-02,5.583333333333333204e-02,-2.317979293005177865e+01,2.248324940358071622e+00,-1.091846499701593531e+00,1.573579365016289089e-01,-1.097025735766111953e+00,3.686088134792721016e-01,5.751202778132442628e-01,-3.614547863617521561e-01,-1.298184509058709912e-02,-3.758994317989959866e-01,2.939678721524173755e-01,-3.780549134273323841e-01,3.804551341363520689e-01,1.837549948321448925e-02,4.192596803766941715e-03,1.674979112774536635e-02,1.249751211568865886e-02,5.596294087106034980e-03,1.827748801200062591e-03,6.918340017025760569e-02,4.234152328252746740e-03,1.488882467160327098e-03,1.657687302320647602e-03,1.433552183729581942e-03,1.079682479358690626e-02,1.809311742532467016e-02,1.125468945393913976e-02,1.641703299106440223e-02,1.159518519189868258e-01,6.548945920398091536e-04,-1.293619606404936007e-02,4.115060685181706757e-03,4.458127583835135715e-03,3.166666666666666241e-02,1.132839819182240859e+00,-6.200844275776007386e-01,-7.844107115712302125e-01,-1.633964071723848221e-01,-1.438910479582837798e-01,1.483043998776163719e-01,4.241135067035418649e-01,-7.747234511550431524e-01,2.262914376113458470e-01,1.352822968548300642e-01,-1.304966358413753857e-01,1.907461912383365266e-01,-4.062053301844292807e-02,-3.384818335151489055e-02,3.401069534174523679e-05,-7.377679328083767973e-02,3.637361403448564900e-03,-3.950109812656488369e-03,-2.605585809050895395e-03,6.349102573582394993e-02,3.808685696990918561e-03,-5.147301422882437361e-02,-1.735819607714667858e-03,-2.721669924438696944e-03,7.052299793383278934e-03,-9.602308181082729044e-03
2.334305960817006920e-02,1.495083286658290510e-02,3.046258098712386175e+00,6.162642407990560206e-02,1.061688401823780020e-01,6.828274980105994429e-02,1.096901859463005752e-02,4.250000000000000305e-02,-2.391771891981598230e+01,2.837020375556005725e+00,-1.028542508985171855e+00,-2.009324962565964823e-01,-1.054706932274634301e+00,7.230479468357288164e-01,4.688313598983283592e-01,-3.452335406032464582e-01,1.711459574050540333e-02,1.785197725318494189e-01,3.057066600540309098e-02,2.792560627488310798e-01,3.103146158555338263e-01,1.249557577662407243e-02,4.775664033023850792e-03,1.508835277490754370e-02,4.606745558591866796e-02,8.978235695444310854e-03,1.141198238225516262e-02,3.079274525087117784e-02,8.947759559275890798e-03,6.850707045776543297e-03,2.764110736966106808e-03,4.576104178236410983e-03,1.769549975727605431e-02,1.202643460803482119e-02,-2.501042100875365548e-03,-1.287071322735434432e-02,-2.317116638458802669e-01,6.312122591103988545e-04,5.825570651049827298e-03,2.871807348340220389e-02,-3.467192608775470156e-03,-1.333333333333332898e-02,-7.379259897642036492e-01,5.886954351979341027e-01,6.330399071642167641e-02,-3.582904327582253634e-01,4.231880349147765230e-02,3.544391333564567148e-01,-1.062889179149159036e-01,1.622124575850569794e-02,3.009644083109250245e-02,5.544192043308453499e-01,-2.633972061470142845e-01,6.573109761761635195e-01,-7.014051828081824258e-02,-5.879923706590416826e-03,5.830672292569090767e-04,-1.661438352837822652e-03,3.356994347023001257e-02,3.381941608338275874e-03,9.584233581055100898e-03,-3.839065491938642438e-02,4.713607231023144058e-03,5.361824578616215982e-03,1.106423434645459206e-03,3.142551994506828823e-03,6.898674963689148051e-03,-6.066682817289848970e-03
2.084201750729470712e-02,2.359761822399842387e-03,2.866558634663566973e+00,6.131340772994364058e-02,1.389783842611417852e-01,1.709341072707939307e-02,1.308096873426137924e-02,2.500000000000000139e-02,-2.755637641340963029e+01,4.174533474349100715e+00,-1.116774647384442126e-01,1.058143933304904194e-01,-9.488236670499452519e-01,2.459013751673467252e-01,6.511522987776137139e-01,-2.843273071749121139e-01,-3.330063687141645579e-01,1.244633720045562053e-01,-1.358432400804081008e-01,1.857502511171452153e-01,3.618702431675925590e-02,2.112367573386914749e-02,1.104800058185843913e-03,1.215181472134918561e-02,3.663271756471388196e-02,5.064013087291575205e-02,1.570756279494643290e-02,7.775514306152685184e-02,2.484581785215303831e-03,1.091948750881979388e-02,9.157784347260293847e-03,2.803991862241994853e-03,1.064111698456193279e-02,2.211562907727899693e-02,-2.501042100875362079e-03,-1.259107104418306228e-02,-1.796994640488192019e-01,-3.130163499619614820e-04,3.280954407876378320e-02,-5.118933907398055122e-02,2.111950139631321721e-03,-1.750000000000000167e-02,-3.638657493593647985e+00,1.337513098793094990e+00,9.168650442467276562e-01,3.067468895870869017e-01,1.058832652246890493e-01,-4.771465716683820912e-01,1.823209388792853547e-01,6.090623342833434428e-02,-3.501209644546699473e-01,-5.405640052729321354e-02,-1.664139060858111918e-01,-9.350581163168586452e-02,-2.741275915387745843e-01,8.628099957245075058e-03,-3.670863974838007096e-03,-2.936538053558358091e-03,-9.434738021204785996e-03,4.166189517747144466e-02,4.295580412691270278e-03,4.696239781065567054e-02,-6.463177774060586966e-03,4.068780463043250584e-03,6.393673610294187473e-03,-1.772112315994416130e-03,-7.054382772714121522e-03,1.008919446924417575e-02
2.125885785744060022e-02,4.723928641069977986e-03,2.877975823322261650e+00,8.061780714103639056e-02,1.640836893736412339e-01,3.870143410954996616e-02,1.269763333943341177e-02,1.916666666666666519e-02,-2.738521325069553569e+01,4.522228237449354538e+00,9.172839299688806403e-01,-1.640515125107610273e-01,-8.613195484033423499e-01,5.525903183797060275e-02,2.468062982857981424e-01,-1.680878808515872888e-02,2.235677567508904950e-01,2.087219191914498340e-01,-3.190406804736886648e-01,1.021045271677878744e-02,-3.981750865533851408e-02,1.471119673334778978e-02,3.043604236899849231e-03,5.597913546123153838e-02,6.930760956543362272e-02,2.042445370910667135e-02,1.114626920053884279e-02,1.555337754698648753e-02,3.882653496448688408e-05,3.340428226336683657e-03,3.176853915190114980e-02,2.826532431705391230e-02,2.954658879958332093e-03,2.099630628576121608e-02,4.168403501458931015e-04,2.364166818670135600e-03,1.141718865869467692e-02,1.930439941109274998e-02,2.510530511249944863e-02,2.160802338247057308e-02,-3.833353948279674683e-04,-5.833333333333336201e-03,1.711631627140945966e-01,3.476947631002538230e-01,1.028961394707324839e+00,-2.698659058412514744e-01,8.750411864660290195e-02,-1.906423433293761294e-01,-4.043460004918155715e-01,2.675185190897533816e-01,5.565741254650550252e-01,8.425854718689362866e-02,-1.831974403932805640e-01,-1.755397984003664313e-01,-7.600453297209777692e-02,-6.412479000521357705e-03,1.938804178714005318e-03,4.382732073988235277e-02,3.267489200071974076e-02,-3.021567716380908070e-02,-4.561293594407590107e-03,-6.220176551454036085e-02,-2.445755250250817008e-03,-7.579059282483110657e-03,2.261075480464085768e-02,2.546133245481191701e-02,-7.686458104603600267e-03,-1.119322791517780857e-03
1.709045435598165880e-02,1.415374671371069041e-03,3.030860487384904545e+00,1.317954075847901918e-01,1.903641556384617906e-01,2.980864462625874012e-01,1.101355461994962294e-02,1.833333333333333343e-02,-2.772719810530345796e+01,2.407191014978285803e+00,1.274535082309011802e+00,7.775242457844719901e-01,-5.276693366875562924e-02,8.517966832701562296e-02,7.465476661843353096e-03,-5.733641113982073101e-01,3.225807598735817572e-01,-5.313480582703233868e-01,-8.400814340313692008e-02,-2.568478431537222773e-01,-2.835378272954375278e-02,1.882126662711365930e-02,1.195590192756005882e-03,9.733067750458226919e-02,1.612920019959211693e-02,6.101300264136895468e-02,1.106187598289903526e-02,2.698505711104257770e-02,4.455157959866546877e-04,3.325275216706816378e-04,2.056280413647816260e-02,2.201129240003145415e-02,1.215568360907137062e-03,2.764723587708403651e-02,-4.168403501458941424e-03,-3.308553969698908945e-03,1.528846640626428943e-01,5.117760044375380124e-02,2.628046626482055670e-02,2.593850121530374420e-01,-1.684078719483788830e-03,-8.333333333333317605e-04,-3.419848546079222729e-01,-2.115037222471068734e+00,3.572511523401311617e-01,9.415757582952329896e-01,8.085526147345867276e-01,2.992063648904502021e-02,-2.393408216239547859e-01,-5.565553233130485777e-01,9.901300312269126214e-02,-7.400699774617731652e-01,2.350325370705517447e-01,-2.670582958705010612e-01,1.146372592579476130e-02,4.110069893765869523e-03,-1.848014044143843349e-03,4.135154204335073080e-02,-5.317840936584150580e-02,4.058854893226228333e-02,-8.439321763980753288e-05,1.143167956405609018e-02,4.066892610221678104e-04,-3.007900704666002182e-03,-1.120573501542298719e-02,-6.254031917022458142e-03,-1.739090519051195030e-03,6.650929591322820439e-03
1.959149645685702434e-02,2.573938965315530208e-02,2.994481668052470180e+00,9.605317281886685543e-02,1.762483674972648573e-01,6.396886182295574708e-02,1.730075567486316288e-02,2.249999999999999917e-02,-2.343637529482675674e+01,2.673270044482661589e+00,-1.212018477481094647e-01,-3.479147967046729573e-01,-1.487762319062234884e+00,1.121954609128121907e-02,6.280884160743538391e-01,3.367575004349544487e-01,-8.424060425984809808e-02,2.319146761445646521e-01,-3.532767131957616491e-01,-3.839430361641564815e-01,4.717434932506947565e-01,3.141188209912820772e-02,4.060583243868284842e-02,4.733771853445820077e-02,3.716848452734927005e-02,8.781136131316967866e-03,6.042801813014452190e-03,5.441886020266049201e-03,8.910927417521627425e-04,3.535963357070886354e-03,3.459850210568870925e-03,5.428469715158356149e-03,1.641772443602004111e-02,1.625603558342956015e-02,2.501042100875365548e-03,2.432401498178423174e-02,-3.637881933243436450e-02,-3.574223476592333637e-02,-1.411578814119693326e-02,-2.341175844396316541e-01,6.287201054913539935e-03,4.166666666666665741e-03,4.290822810476701221e+00,2.660790295043757858e-01,-1.395736930057121183e+00,-1.125439042489144947e+00,-1.434995385393479150e+00,-7.396012223573440736e-02,6.206229394125104548e-01,9.101216118331617588e-01,-4.068213641334298414e-01,7.632627344148880111e-01,-2.692685697926247013e-01,-1.270951930104342043e-01,5.000972759802384537e-01,1.259061547201454842e-02,3.941024224592683950e-02,-4.999295897012406842e-02,2.103928432775715313e-02,-5.223186651005198855e-02,-5.019074169884583068e-03,-2.154317109077652850e-02,4.455769457655080548e-04,3.203435835400204879e-03,-1.710295392590929081e-02,-1.658282268487309974e-02,1.520215607511290340e-02,-1.139120029365447637e-02
2.334305960817006920e-02,2.523621836775194124e-02,3.015528497435386424e+00,5.836068809146178343e-02,1.162175840560524809e-01,1.443432887357789379e-02,1.408913930398759604e-02,2.500000000000000139e-02,-2.410546100927696855e+01,2.741926407956251754e+00,-1.496786281207930891e+00,-2.537846331802927624e-01,-6.335838911312661192e-01,1.895302391123614150e-01,5.573651372858674513e-01,4.525487829751061453e-01,-9.023670539400531487e-02,-3.620695691160952245e-01,6.171312434500092481e-01,-3.053579710909967160e-01,2.748564678593682920e-01,1.395375347995055255e-02,5.987847828212672190e-04,2.362170344943679071e-02,1.142562206073636788e-01,2.986189325663648596e-03,1.484370544392240102e-02,6.730289661244862227e-03,5.221488433995868797e-04,3.110786518241553771e-03,1.159123210686416197e-03,5.430193602833298730e-03,2.302349436625282519e-02,3.023473084303337360e-02,3.751563151313044853e-03,-5.031712854033608406e-04,2.104682938291624339e-02,-3.769248472740507200e-02,-6.003078344121237642e-02,-4.953453294937785328e-02,-3.211616370875566839e-03,2.500000000000002220e-03,-6.690857144502118103e-01,6.865636347359016511e-02,-1.375584433459821510e+00,9.413016352438019485e-02,8.541784279309687644e-01,1.783106930210801855e-01,-7.072327878848638782e-02,1.157912825401516965e-01,-5.996101134157216794e-03,-5.939842452606598489e-01,9.704079566457708417e-01,7.858506507315976553e-02,-1.968870253913264645e-01,-1.745812861917765690e-02,-4.000704765586158423e-02,-2.371601508502141006e-02,7.708773608001440181e-02,-5.794946805653318836e-03,8.800903630907949693e-03,1.288403640978813026e-03,-3.689438983525758628e-04,-4.251768388293325832e-04,-2.300726999882454944e-03,1.723887674942581327e-06,6.605769930232784082e-03,1.397869525960381346e-02
2.000833680700291745e-02,1.876997015913341865e-02,3.074139286678964300e+00,8.610561843373888691e-02,1.629007197057563971e-01,2.114830769244783332e-02,1.507703238145002150e-02,4.916666666666666408e-02,-2.398929170037793313e+01,2.506596768289646615e+00,-1.597264865685138258e+00,3.072605117468226246e-02,-7.880574102415440763e-01,3.461203165778941049e-01,5.637658655235913141e-01,8.885142500648342267e-02,2.557358732280238245e-01,1.010229648414195658e-01,6.250910983392437004e-01,-1.484563648328199037e-01,-2.032899153216173871e-01,1.221659400672476040e-02,1.305279165104600899e-03,6.303372985766478309e-02,9.986060153887485816e-03,4.143417905715500471e-04,1.077503172058675157e-01,7.769555440642499956e-03,1.215594984139900829e-03,1.148048659695486730e-02,2.615203316991320318e-03,1.818298446206525684e-02,1.102131345295659023e-02,3.082621579263295983e-02,-3.334722801167151751e-03,-6.466248208618522592e-03,5.861078924357787656e-02,2.774493034227710347e-02,4.668313564970391627e-02,6.713978818869939524e-03,9.878930774624254674e-04,2.416666666666666269e-02,1.161693088990354283e-01,-2.353296396666051393e-01,-1.004785844772073666e-01,2.845106843549750075e-01,-1.544735191102779570e-01,1.565900774655326899e-01,6.400728237723862790e-03,-3.636973579686227365e-01,3.459725786220291255e-01,4.630925339575148181e-01,7.959854889234452280e-03,1.569016062581768123e-01,-4.781463831809856790e-01,-1.737159473225792158e-03,7.064943822833336801e-04,3.941202640822799586e-02,-1.042701604534761878e-01,-2.571847535092098604e-03,9.290661176194511817e-02,1.039265779397637729e-03,6.934461407403139490e-04,8.369700078713314395e-03,1.456080106304904120e-03,1.275279085923195811e-02,-1.200218091329623496e-02,5.914849495995862239e-04
1.959149645685702434e-02,2.348918326104326455e-03,3.031252630245419688e+00,7.013288144069723673e-02,1.354763196915444723e-01,2.912353697327981633e-02,1.136311199747263960e-02,4.916666666666666408e-02,-2.618914440916751474e+01,3.124644837809388065e+00,-7.021438703527984604e-01,9.823580255778099346e-01,-7.571295257653170019e-01,3.775924184363604885e-01,5.970076786657819712e-01,-8.585537599248038720e-02,5.542868131310821345e-02,-3.913852962333119745e-01,5.265768145419160717e-01,-2.087054254963209843e-01,-6.152161990890604726e-02,1.308470129435711400e-02,4.154669669408066028e-03,9.286867123400585622e-02,1.126681993615108804e-02,1.825492907270154230e-02,4.334842045542117855e-02,2.057704672127368128e-02,9.187286326965003920e-04,6.562544563007884253e-03,6.535000773397989758e-03,2.427399721540347485e-02,4.845939650619140657e-03,2.450116007088877154e-02,-4.168403501458931015e-04,-1.642105183302909263e-02,-4.288665643354461210e-02,-1.597273699304165018e-02,-2.742440001421192486e-02,7.975229280831983014e-03,-3.713920383977381903e-03,0.000000000000000000e+00,-2.199852708789581612e+00,6.180480695197414498e-01,8.951209953323397972e-01,9.516319744031276340e-01,3.092788447622707437e-02,3.147210185846638364e-02,3.324181314219065708e-02,-1.747068009989637960e-01,-2.003071919149156110e-01,-4.924082610747315680e-01,-9.851428379732762863e-02,-6.024906066350108058e-02,1.417682954127113537e-01,8.681072876323536053e-04,2.849390504303465129e-03,2.983494137634107313e-02,1.280759782263602223e-03,1.784058728212999101e-02,-6.440189675044633022e-02,1.280749128063118220e-02,-2.968663514434004367e-04,-4.917942033946983045e-03,3.919797456406669441e-03,6.091012753338218011e-03,-6.175373802337449577e-03,-6.325055721744188286e-03
1.333889120466861221e-02,5.441895842515755491e-04,3.012471867434963535e+00,9.094571690867077340e-02,1.812532616722125900e-01,2.755410317919667132e-02,1.219358074138621358e-02,2.083333333333333218e-02,-2.968814711728271405e+01,2.748823823348477191e+00,-2.405226622157039806e-01,1.004788671508314746e+00,-7.696532817569601281e-01,5.712450599115104222e-01,7.858850911905511660e-01,-1.829050945880805745e-01,1.102107954812830554e-01,-5.830641334906505602e-01,6.678663250190686185e-01,1.824107354748982779e-01,5.579918514355102638e-02,1.471112422632049263e-03,1.991427178180910985e-04,8.494580760324539626e-02,4.912915885966666688e-03,6.988784707310137165e-03,1.564200911001599470e-02,3.262317492891038395e-02,8.553930851452934588e-04,1.210165031279798438e-03,1.047350088287536196e-03,1.581222136591006189e-01,2.462318172454558678e-03,4.616883502078770324e-02,-6.252605252188412135e-03,-1.804728741852750905e-03,-1.878076281045615303e-02,2.081283546797353667e-02,4.577694198066811770e-02,-1.569433794083145012e-03,8.304687439135739757e-04,-2.833333333333333190e-02,-3.499002708115199312e+00,-3.758210144609108738e-01,4.616212081370945075e-01,2.243064593050481115e-02,-1.252375599164312625e-02,1.936526414751499336e-01,1.888774125247691948e-01,-9.704971859560018732e-02,5.478211416817484192e-02,-1.916788372573385857e-01,1.412895104771525467e-01,3.911161609712192622e-01,1.173208050524570667e-01,-1.161358887172506474e-02,-3.955526951589975228e-03,-7.922863630760459963e-03,-6.353904050184421351e-03,-1.126614436539140514e-02,-2.770641134540518385e-02,1.204612820763670267e-02,-6.333554755120693325e-05,-5.352379531728086032e-03,-5.487650685110453778e-03,1.338482164436971544e-01,-2.383621478164581978e-03,2.166767494989893170e-02
3.251354731137973825e-02,6.714603681254965558e-05,2.913778004216052597e+00,1.520294085927009486e-01,2.559645708657990459e-01,4.627312497057302354e-02,7.117624570743428560e-03,8.333333333333333218e-03,-3.373255514872404603e+01,2.763420198505383674e+00,6.437321028416902458e-01,1.318834018113868911e+00,5.536097425918604098e-02,2.701219257260253359e-01,3.369109932002509744e-01,-2.791115768395635577e-02,2.287370338187246221e-01,-3.022133584428952080e-01,5.800312868452750514e-02,1.638672136140449376e-01,-8.406138779570584973e-02,1.612210227752765637e-02,7.780345204732227733e-05,1.402145666767605214e-01,4.728799801419667284e-03,4.522548400695443338e-03,2.063876013291977840e-03,2.608232137137696943e-02,5.547326591558445586e-05,1.369712287656199134e-03,9.152093425742496196e-04,1.195207717908728234e-01,9.893646031644599565e-04,4.706384082633689736e-02,1.917465610671112430e-02,-4.770435474390258800e-04,-9.869386321891093772e-02,6.108369168403017524e-02,7.471130919358645595e-02,1.871902179137635222e-02,-5.075956170642785016e-03,-1.249999999999999896e-02,-4.044408031441331985e+00,1.459637515690648257e-02,8.842547650573941986e-01,3.140453466055541654e-01,8.250142560161461969e-01,-3.011231341854850863e-01,-4.489740979903001916e-01,1.549939369041242188e-01,1.185262383374415668e-01,2.808507750477553522e-01,-6.098631963345411133e-01,-1.854352186085334031e-02,-1.398605729392568831e-01,1.465098985489560711e-02,-1.213392657707688211e-04,5.526875907351512518e-02,-1.841160845469994034e-04,-2.466236306614693827e-03,-1.357813309672401686e-02,-6.540853557533414520e-03,-7.999198192297089826e-04,1.595472563764006955e-04,-1.321407457132865769e-04,-3.860144186822779544e-02,-1.472953569290098722e-03,8.950058055491941222e-04
5.085452271779908329e-02,8.528220882116788141e-06,2.648168938953664231e+00,2.519289421646652705e-01,3.074431296740677277e-01,2.112512484468786755e-01,5.854145534753014274e-03,9.166666666666666713e-03,-3.571134817400383810e+01,2.616486456113279235e+00,6.986321740694522164e-01,5.917923692136785041e-01,2.766450225562206988e-01,5.283381930480839372e-01,5.683068302705911456e-01,1.643561610276986773e-01,-1.308503535156852610e-02,-3.101792876888281869e-02,1.214618117109086126e-01,-7.608012976958511420e-02,-2.275052759654969808e-02,1.149402148060405665e-02,2.267030808651588085e-04,9.507403560824666255e-02,1.854282458071573360e-03,2.821946851030379677e-02,3.372056335697734813e-03,4.014178518257208866e-02,4.583343175504503647e-04,8.999829308923829431e-04,2.383325584669852837e-03,1.226986227122002365e-01,6.766952370355304707e-04,3.955608309470393102e-02,1.834097540641934504e-02,-5.861781593043286913e-05,-2.656090652623883663e-01,9.989953357196432182e-02,5.147855880826868180e-02,1.649781234763056381e-01,-1.263479035990414286e-03,8.333333333333334952e-04,-1.978793025279792062e+00,-1.469337423921044383e-01,5.490007122776197068e-02,-7.270416489001904070e-01,2.212840482970346578e-01,2.582162673220586013e-01,2.313958370703401712e-01,1.922673187116550331e-01,-2.418220691702931413e-01,2.711954296740123893e-01,6.345868302638110747e-02,-2.399473433836300518e-01,6.131086019915615165e-02,-4.628080796923599721e-03,1.488996288178365312e-04,-4.514053106851385888e-02,-2.874517343348093924e-03,2.369692010960835343e-02,1.308180322405756973e-03,1.405946381119511923e-02,4.028610516348658886e-04,-4.697293567638161907e-04,1.468116242095603326e-03,3.177850921327413092e-03,-3.126693661289294858e-04,-7.507757731632966336e-03
8.170070862859524219e-02,1.077057978223247665e-06,2.390640032739720588e+00,3.338145923507328527e-01,3.205685904652318952e-01,8.546416774460969812e-01,5.513960466684922519e-03,1.350000000000000089e-01,-3.721179767143183170e+01,1.898930853555831799e+00,4.043256897342644707e-01,6.538450521028331686e-01,2.802468264608716231e-01,4.303795793386648860e-01,1.469272439683803888e-03,2.190073423729175794e-01,2.743379942922390402e-01,1.633744364729667609e-01,4.972272237049123189e-02,-2.387568048052399750e-01,-2.184670873674798008e-01,3.884793684268650522e-03,6.623412102019490474e-04,5.974605682301879078e-02,1.854422478758447051e-03,1.370395459089173394e-02,1.798585763344889800e-03,1.387434739360604019e-01,2.651543046062385372e-04,1.616029820902745249e-03,1.254248956032922788e-02,3.986125809085344640e-02,2.722047594809879310e-03,3.912914435460829177e-02,3.084618591079615890e-02,-7.451162903893540689e-06,-2.575289062139436425e-01,8.188565018606758228e-02,1.312546079116416742e-02,6.433904289992182779e-01,-3.401850680680917546e-04,1.258333333333333526e-01,-1.500449497427993606e+00,-7.175556025574474361e-01,-2.943064843351877458e-01,6.205268288915466446e-02,3.601803904650924260e-03,-9.795861370941905122e-02,-5.668375578309073903e-01,5.465118134521890214e-02,2.874230296438075594e-01,1.943923652418495795e-01,-7.173908934041738072e-02,-1.626766750356548608e-01,-1.957165597709301097e-01,-7.609227796335406128e-03,4.356381293367902119e-04,-3.532797878522787177e-02,1.400206868736909860e-07,-1.451551391941206283e-02,-1.573470572352845013e-03,9.860168875348832018e-02,-1.931800129442118276e-04,7.160468900103623057e-04,1.015916397565937504e-02,-8.283736462134679013e-02,2.045352357774348623e-03,-4.269387400956392575e-04
9.378907878282617683e-02,8.807542532008386763e-07,2.866695871824553432e+00,3.530342670393805671e-01,3.218884889339711508e-01,9.902358792845608049e-01,1.674328596169228018e-03,2.124999999999999944e-01,-3.734061515007766019e+01,1.968849420715527820e+00,3.298862876227752761e-01,2.274738519426627859e-01,1.778341128694381212e-01,1.992670708770815646e-01,1.402250106750628222e-01,9.406981760922736302e-02,5.994167186878677361e-02,4.519493494482793028e-02,-4.864999019703124261e-02,-1.307285223458729273e-01,-3.945874560006877585e-02,1.596912686516980748e-02,2.808771638802822108e-03,9.330766162673048703e-02,3.555072636443681443e-03,6.877276859866970904e-03,1.142464255940294068e-03,3.333177102874605724e-02,6.572207051327534286e-04,1.006953631487019678e-03,5.345504531165471904e-03,1.083711996042966141e-01,4.395643452239019096e-03,3.599967659426282773e-02,1.208837015423093464e-02,-1.963037250224089883e-07,4.760558390848328436e-01,1.921967468864771433e-02,1.319898468739255648e-03,1.355942018384638237e-01,-3.839631870515694718e-03,7.749999999999998557e-02,-1.288174786458284871e-01,6.991856715969602121e-02,-7.443940211148919461e-02,-4.263712001601703827e-01,-1.024127135914335018e-01,-2.311125084615833214e-01,1.387557382353790114e-01,-1.249375247636902164e-01,-2.143963224234522735e-01,-1.181795015281388306e-01,-9.837271256752247450e-02,1.080282824593670477e-01,1.790083417674110389e-01,1.208433318090115782e-02,2.146430428600873061e-03,3.356160480371169624e-02,1.700650157685234393e-03,-6.826677731024763038e-03,-6.561215074045957316e-04,-1.054117029073143447e-01,3.920664005265148914e-04,-6.090761894157255708e-04,-7.196985029163755973e-03,6.850994151344316774e-02,1.673595857429139785e-03,-3.129467760345464034e-03
5.377240516882034194e-02,4.658570678604816255e-07,2.669554883405765189e+00,3.679746085426247038e-01,3.258762264355318794e-01,1.235083259312221404e+00,9.180397636789582299e-04,3.900000000000000133e-01,-3.786609741685623476e+01,2.044660686254121451e+00,2.647206975745125535e-01,3.006486037843667525e-01,2.060490091999150550e-02,6.155090410627006570e-02,3.069007317814079205e-01,2.521540608419032270e-01,-5.979637204077390550e-02,-2.650502561025591675e-02,1.664152234150628462e-01,-5.559005115178070056e-02,5.212876834379569918e-02,6.875561533296994758e-03,2.149340514495906834e-03,1.142083044333968150e-01,9.471595404721755429e-03,1.154188199284464193e-02,1.009985452655552500e-02,4.590690199075228572e-02,2.880262364179449371e-04,1.318353104629898902e-03,3.227821569009868378e-03,4.683346596448691862e-02,4.190914188330991871e-03,3.199592404335607071e-02,-4.001667361400583489e-02,-4.148971853403570508e-07,-1.971409884187882433e-01,1.494034150324413668e-02,3.987737501560728592e-03,2.448473800276605994e-01,-7.562888324902697877e-04,1.775000000000000189e-01,-5.254822667785745693e-01,7.581126553859363071e-02,-6.516559004826272261e-02,7.317475184170396663e-02,-1.572292119494466123e-01,-1.377161667708114989e-01,1.666757211063450983e-01,1.580842432326758640e-01,-1.197380439095606791e-01,-7.169996055508384702e-02,2.150652136120940749e-01,7.513847119409222675e-02,9.158751394386446809e-02,-9.093565331872811852e-03,-6.594311243069152749e-04,2.090064280666632801e-02,5.916522768278073552e-03,4.664605132977671029e-03,8.957390270615230715e-03,1.257513096200622849e-02,-3.691944687148084915e-04,3.113994731428792236e-04,-2.117682962155603525e-03,-6.153773363980969552e-02,-2.047292639080272245e-04,-4.003752550906757024e-03
4.001667361400583489e-02,7.987259412277277188e-07,2.682102481153143536e+00,3.629886903868110859e-01,3.263902834688678367e-01,8.338810445141060512e-01,2.493711728575801704e-03,1.116666666666666641e-01,-3.789721651652653378e+01,1.924357915289736098e+00,4.677864594246567975e-01,6.558172008092280070e-01,-2.108893926758566018e-01,1.266825631352647141e-01,2.775133253136777833e-01,6.405279488049249459e-02,4.226250809331494884e-01,2.957729548803997854e-01,7.074118296528797423e-02,7.810610696432432332e-02,6.702213688285998949e-02,3.445780421807797742e-03,1.012388513094872712e-03,3.826575084902093110e-02,3.258123931226220189e-03,1.165449076907212889e-02,2.613748184196881754e-04,9.175050897421944962e-02,6.588892846344910660e-04,2.176743865505154172e-03,6.707266810399993562e-03,4.902645815054284401e-02,4.667746856970627018e-04,2.718256262149192082e-02,-1.375573155481450704e-02,3.328688733672460933e-07,1.254759774737834732e-02,-4.985918155813617858e-03,5.140570333359573141e-04,-4.012022147981153530e-01,1.575671964896843474e-03,-2.783333333333333215e-01,-3.111909967029902191e-02,-1.203027709643853527e-01,2.030657618501442441e-01,3.551685970248612545e-01,-2.314942935958481107e-01,6.513165902899464843e-02,-2.938740646773013721e-02,-1.881012659614107463e-01,4.824214529739234147e-01,3.222779804906557022e-01,-9.567404044977487199e-02,1.336961581161050239e-01,1.489336853906429031e-02,-3.429781111489197017e-03,-1.136952001401034121e-03,-7.594255358437587700e-02,-6.213471473495535240e-03,1.126087762274869536e-04,-9.838479708135837096e-03,4.584360698346716390e-02,3.708630482165461290e-04,8.583907608752552702e-04,3.479445241390125183e-03,2.192992186055925385e-03,-3.724139502633929278e-03,-4.813361421864149892e-03
5.335556481867444883e-02,3.002390008828065030e-07,2.485453119533298505e+00,3.826196864319160174e-01,3.239476595253474311e-01,1.340928004914747174e+00,1.429636175953357541e-03,4.658333333333333215e-01,-3.876104811350166557e+01,1.845803419299374859e+00,5.713068296363348342e-01,4.207363357936242387e-01,3.723587076341488417e-02,3.172225390343281770e-01,-7.785786122050507990e-03,1.104067020751047928e-01,4.448941761056157684e-02,5.946334130716223604e-02,1.238377093566310830e-02,-1.457696249248085218e-01,-7.421704618019943356e-02,1.001844124774847744e-02,2.403597051217682377e-03,6.156522576302397853e-02,3.245194478216916877e-03,9.514396019104944674e-03,2.448233353114909455e-03,1.202367983299163084e-01,5.172468899200554672e-04,1.760751990926847591e-03,1.180873791743372592e-02,1.927946026004050128e-02,1.476975499265362288e-03,3.416202542063849490e-02,1.333889120466861394e-02,-4.984869403449211628e-07,-1.966493616198450312e-01,1.963099604510493146e-02,-2.442623943520405572e-03,5.070469604006411224e-01,-1.064075552622444163e-03,3.541666666666666297e-01,-8.638315969751317880e-01,-7.855449599036123942e-02,1.035203702116780367e-01,-2.350808650156037682e-01,2.481252634392714929e-01,1.905399758990634629e-01,-2.852991114357282809e-01,4.635390719461229825e-02,-3.781356633225879116e-01,-2.363096135732375425e-01,-5.835741202962486940e-02,-2.238757318891328452e-01,-1.412391830630594369e-01,6.572660825940679699e-03,1.391208538122809665e-03,2.329947491400304743e-02,-1.292945300930331207e-05,-2.140094749967184212e-03,2.186858534695221117e-03,2.848628935569685883e-02,-1.416423947144355988e-04,-4.159918745783065808e-04,5.101471107033732355e-03,-2.974699789050234272e-02,1.010200813568299695e-03,6.979462799146574081e-03
2.167569820758649332e-02,1.134537517685717044e-07,2.493295014190860304e+00,4.245054335693735914e-01,3.221307949323855002e-01,1.857306951653832305e+00,7.838016689509806406e-04,6.433333333333333126e-01,-4.002937649059254710e+01,1.607275674448227942e+00,3.833702135199206218e-01,3.091964882530726100e-01,-5.698071069605348260e-02,2.623170634855157002e-01,2.159163900892129284e-01,-9.852537432064070733e-02,-6.643144595063828206e-02,1.728262906560106282e-01,2.055079074808279505e-01,8.543589211573564962e-03,5.263962722291062879e-02,7.207437752984293539e-03,1.253502438509916618e-03,2.115135214060595570e-02,5.086200259156352984e-04,4.485581858742979273e-03,6.899806621906741898e-03,9.610727531059572171e-02,1.217365006569575813e-03,1.864549723905869778e-03,5.679915424103491699e-03,2.690588373631743954e-02,3.589259247045046013e-04,2.590719218443141708e-02,-3.167986661108795898e-02,-1.867852491142347986e-07,7.841894657561798709e-03,4.188574713745757405e-02,-1.816864592961930924e-03,5.163789467390851318e-01,-6.458345070023769003e-04,1.774999999999999911e-01,-1.268328377090881531e+00,-2.385277448511469167e-01,-1.879366161164142124e-01,-1.115398475405516288e-01,-9.421658145946837370e-02,-5.490547554881247683e-02,2.237021762112634260e-01,-2.089320763957455140e-01,-1.109208635611998589e-01,1.133629493488483853e-01,1.931241365451648317e-01,1.543132141363820764e-01,1.268566734031100762e-01,-2.811003494764183902e-03,-1.150094612707765760e-03,-4.041387362241802284e-02,-2.736574452301281796e-03,-5.028814160361965400e-03,4.451573268791832877e-03,-2.412952301932058674e-02,7.001181166495203459e-04,1.037977329790221864e-04,-6.128822493330234218e-03,7.626423476276938257e-03,-1.118049574560857741e-03,-8.254833236207077818e-03
1.625677365568987121e-01,1.162300344439071865e-06,2.030635521906943630e+00,3.744203916227192841e-01,3.282019120234115905e-01,7.068577317916728830e-01,3.409214701932962097e-03,4.666666666666666879e-02,-3.852834762720885919e+01,1.627405760010687263e+00,-2.037311371016765071e-01,1.787116267273825554e-01,-4.280886632812029857e-01,1.397465437717954062e-01,6.075447579292931888e-01,2.434665261410071113e-01,1.179666962948221209e-02,-3.168238901669156449e-01,-2.334541838550112658e-01,-3.387161245855949687e-01,-7.080130143556473410e-02,3.161688464454390484e-03,5.904288128464813597e-04,7.491083192084321829e-02,2.088403833248157499e-03,1.288259182549702500e-03,1.437447303746155298e-03,2.830690606986617786e-01,1.904908701163300080e-04,2.371325907596969721e-04,8.826252171311005888e-04,4.692879106335291761e-03,9.992322524320224053e-04,7.860971397499263991e-02,1.408920383493122153e-01,1.048846592670500108e-06,-4.626594922839166735e-01,-5.008504194665430731e-02,6.071117091026090318e-03,-1.150449219862159422e+00,2.625413032981981348e-03,-5.966666666666666785e-01,1.501028863383687906e+00,2.013008556245932112e-02,-5.871013506215971844e-01,-1.304848615256900546e-01,-3.711079525851495031e-01,-1.225705197137202940e-01,3.916283678400802604e-01,3.419919004616478464e-01,7.822811558012049415e-02,-4.896501808229262731e-01,-4.389620913358391885e-01,-3.472597137971685233e-01,-1.234409286584753629e-01,-4.045749288529902621e-03,-6.630736256634352579e-04,5.375947978023726259e-02,1.579783807332522201e-03,-3.197322676193276557e-03,-5.462359318160586383e-03,1.869617853880660707e-01,-1.026874136453245724e-03,-1.627417133146172833e-03,-4.797290206972391544e-03,-2.221300462998214778e-02,6.403063277275178582e-04,5.270252179056122283e-02
1.025427261358899528e-01,5.248212833477953867e-07,2.098259953990428084e+00,4.063711675616379360e-01,3.248487834811608632e-01,1.170495871537670540e+00,1.818177830540347248e-03,3.950000000000000178e-01,-3.914155782599660682e+01,1.880204679592364148e+00,3.554943707890784177e-01,2.319017444591841559e-01,2.026105471640262945e-01,2.747108425352711714e-01,3.474480643653112821e-01,5.114401712012672796e-01,1.897509006911401452e-01,1.636107437804946163e-01,-3.229146795680960802e-02,-2.626704282043693661e-01,-1.760110355039461172e-01,2.850545582316392924e-03,6.612026809844608272e-04,3.811777130423500692e-02,3.882011153200533304e-04,1.909344464215154483e-02,7.047019399691508692e-04,2.451032714106001764e-01,3.325480157764296434e-04,1.623475105750196452e-03,5.658559663870364569e-03,3.339886156890303770e-02,6.538696615607908057e-04,6.641221148864699664e-02,-6.002501042100875928e-02,-6.374790610912764787e-07,6.762443208348445367e-02,3.195077593891865186e-02,-3.353128542250727318e-03,4.636381397459976572e-01,-1.591036871392614849e-03,3.483333333333333282e-01,-6.132101987877476290e-01,2.527989195816768841e-01,5.592255078907548693e-01,5.319011773180160052e-02,6.306992104452292525e-01,1.349642987634757652e-01,-2.600966935639819066e-01,2.679736450602601683e-01,1.779542310616579193e-01,4.804346339474102612e-01,2.011627158982016716e-01,7.604569638122560260e-02,-1.052097340683813831e-01,-3.111428821379975604e-04,7.077386813797946746e-05,-3.679306061660821137e-02,-1.700202717928104169e-03,1.780518545960184384e-02,-7.327453637770044289e-04,-3.796578928806160214e-02,1.420571456600996354e-04,1.386342514990499507e-03,4.775934446739264413e-03,2.870598246256774594e-02,-3.453625908712315996e-04,-1.219750248634564327e-02
2.417674030846185887e-02,1.130463155613342495e-07,2.463452431336765169e+00,4.486140515902782844e-01,3.153980024377576186e-01,2.093084883467846602e+00,1.769109208655705390e-03,7.008333333333333082e-01,-4.059344519854849409e+01,1.472738890542034884e+00,3.926021871038345434e-01,1.097538706139517123e-01,-5.067812382345852906e-02,6.445666490812149152e-02,3.556283004550488958e-01,1.389485401235718842e-01,7.081533933139283477e-02,2.209805894813497186e-03,-7.246247263628638469e-02,1.346257108216374343e-01,-1.086487829440724584e-01,3.493344062150272565e-03,1.059601679265872358e-03,1.756209096752014975e-02,4.604159353740405920e-03,8.754636982864804837e-03,1.355171919324439775e-03,1.230138999451739074e-01,7.816930182720437884e-04,2.394892488761230301e-03,1.426301197816129407e-03,1.071545409053132475e-02,1.830822978892933470e-03,3.300238501122133850e-02,-7.836598582742809738e-02,-4.117749677864611504e-07,3.651924773463370855e-01,4.224288402864034841e-02,-9.450781043403244652e-03,9.225890119301760617e-01,-4.906862188464185780e-05,3.058333333333332904e-01,-1.451887372551887267e+00,-4.074657890503292634e-01,3.710781631475612574e-02,-1.221478738452324436e-01,-2.532886709874848097e-01,-2.102541776271496798e-01,8.180236089737613625e-03,-3.724916310776953954e-01,-1.189355613597473105e-01,-1.614009378856811061e-01,-4.017100467947677667e-02,3.972961390260068004e-01,6.736225255987365879e-02,6.427984798338796414e-04,3.983989982814115311e-04,-2.055568033671485717e-02,4.215958238420352590e-03,-1.033880765928673999e-02,6.504699793552889053e-04,-1.220893714654262691e-01,4.491450024956141450e-04,7.714173830110338491e-04,-4.232258466054235162e-03,-2.268340747837171295e-02,1.176953317332142665e-03,-3.340982647742565814e-02
1.809087119633180363e-01,2.323139851862589420e-07,2.665633767100802132e+00,4.502022839250647834e-01,3.119953811246141684e-01,2.183019701141115210e+00,1.082900831904088073e-03,7.266666666666666829e-01,-3.985980186576649231e+01,1.283844955586503023e+00,1.549000607525593542e-01,-4.068465577065313865e-01,-1.902233233515331912e-01,-5.285561593771326283e-02,3.060993258504678405e-01,4.298041071244227962e-01,1.209156442425101674e-01,1.793131690307208370e-01,-1.683554971831540022e-03,-1.474577527675012545e-03,2.354380815588874576e-01,3.263679226432962890e-03,3.211653354132903634e-03,4.044465149991423314e-02,2.517841099601797125e-03,2.642601744372546305e-03,4.656474506390409496e-03,1.825680972031177574e-01,9.899710366921014772e-04,1.443506194588417210e-03,9.679486492739701421e-04,1.212785956322805572e-02,7.039087480805962180e-04,4.977682334099664541e-02,1.567319716548561670e-01,1.192676696249247057e-07,2.021813357640369624e-01,1.588232334786499056e-03,-3.402621313143450177e-03,8.993481767326860776e-02,-6.862083767516173171e-04,2.583333333333337478e-02,7.336433327820017780e-01,-1.888939349555318614e-01,-2.377021263512751892e-01,-5.166004283204831404e-01,-1.395451995280746482e-01,-1.173122808458347544e-01,-4.952897460458105527e-02,2.908555670008509120e-01,5.010030491111733264e-02,1.771033631359073268e-01,7.077891766445484900e-02,-1.361002883493124538e-01,3.440868645029598882e-01,-2.296648357173096747e-04,2.152051674867031493e-03,2.288256053239408339e-02,-2.086318254138608795e-03,-6.112035238492258965e-03,3.301302587065969504e-03,5.955419725794385000e-02,2.082780184200576888e-04,-9.513862941728130906e-04,-4.583525485421592648e-04,1.412405472696730974e-03,-1.126914230812337252e-03,1.677443832977530691e-02
3.459774906210921208e-01,2.688809640680051643e-07,3.119787192791676489e+00,4.561640082580786237e-01,3.138650155349774762e-01,2.040381170654084197e+00,1.430499225679734022e-03,7.158333333333333215e-01,-3.974776890338132773e+01,8.784830475596185906e-01,4.285972116429082046e-01,1.317964629263355392e-01,-1.127176992341729911e-01,-7.056412945121690039e-02,6.644474151203047518e-02,3.581741975794641708e-01,5.004691791080694008e-02,-1.287323205536355653e-01,-2.950919509334531954e-01,3.556131263456722980e-02,5.840407548752118289e-02,1.718248258748283561e-03,1.789358274413196817e-03,1.415493433749611014e-02,2.165935401141700495e-03,1.248405209849544383e-03,2.320232798127743780e-03,1.216527130014607994e-01,3.221235995795781581e-04,1.196532902458032717e-03,5.241822066725216429e-04,3.539837165131054769e-03,4.668061301707313471e-04,3.307756961122636230e-02,1.650687786577740845e-01,3.656697888174622230e-08,4.541534256908743572e-01,5.961724333013840305e-03,1.869634410363307797e-03,-1.426385304870310122e-01,3.475983937756459488e-04,-1.083333333333336146e-02,1.120329623851645806e-01,-4.053619080268844321e-01,2.736971508903488504e-01,5.386430206328669534e-01,7.750562411736020008e-02,-1.770851351350363756e-02,-2.396545843384373653e-01,-7.162990954495862539e-02,-7.086872633170322733e-02,-3.080454895843564023e-01,-2.934083959616216597e-01,3.703589016224224234e-02,-1.770340060713662678e-01,-1.545430967684679330e-03,-1.422295079719706817e-03,-2.628971716241812473e-02,-3.519056984600966304e-04,-1.394196534523001922e-03,-2.336241708262665716e-03,-6.091538420165695800e-02,-6.678474371125233192e-04,-2.469732921303844937e-04,-4.437664426014484992e-04,-8.588022398097000520e-03,-2.371026179098648708e-04,-1.669925372977028311e-02
1.208837015423092909e-01,1.002458547725265358e-07,2.759128631712776336e+00,4.689294659749450589e-01,3.068258946198446635e-01,2.754482783351888564e+00,1.280777092559273918e-03,7.750000000000000222e-01,-4.089775477657666869e+01,1.069474629627365836e+00,5.382904823077829803e-01,2.130893208837134067e-01,3.865852321890790588e-02,3.270273427312043735e-01,2.696573809136087463e-01,-1.952868634835858153e-01,-3.196686834692311630e-01,-2.654016560768746591e-01,-3.141145240781203496e-01,-3.447586821637229071e-01,-4.631894916086246039e-04,2.675886728618343761e-03,1.223339184732033643e-03,3.061727103608046299e-02,3.428783050437749381e-03,5.599519018041228952e-03,3.660083189031332861e-03,1.039893799797365348e-01,8.675694013312100191e-04,1.840137633333524449e-03,2.155437919493228150e-03,5.440819324910035025e-03,5.481369743256467048e-04,2.838251869704890018e-02,-2.250937890787828299e-01,-1.686351092954786285e-07,-3.606585610789001528e-01,1.276545771686643516e-02,-7.039120915132812684e-03,7.141016126978043665e-01,-1.497221331204601040e-04,5.916666666666670071e-02,-1.149985873195340957e+00,1.909915820677472453e-01,1.096932706648747757e-01,8.129285795737786757e-02,1.513762224530809108e-01,3.975914721824213016e-01,2.032126394015782711e-01,-5.534610610630499306e-01,-3.697156013800381169e-01,-1.366693355232390938e-01,-1.902257314466715421e-02,-3.803199947982901508e-01,-5.886726497912980749e-02,9.576384698700602001e-04,-5.660190896811631740e-04,1.646233669858435111e-02,1.262847649296048886e-03,4.351113808191684786e-03,1.339850390903589081e-03,-1.766333302172426456e-02,5.454458017516318610e-04,6.436047308754917328e-04,1.631255712820706399e-03,1.900982159778980256e-03,8.133084415491535768e-05,-4.695050914177462120e-03
1.025427261358899528e-01,8.474004135561683650e-08,2.759813209232412134e+00,4.705300960116974296e-01,3.030335054279749696e-01,2.864980033371664181e+00,4.880268880758686142e-04,7.824999999999999734e-01,-4.125542652621447814e+01,5.378179266106617451e-01,3.332698401412779732e-01,-3.160864393929213589e-02,-8.101418310719006588e-02,-1.746844143904940083e-01,7.169766903349437948e-02,1.694033460699809757e-01,1.567225575182246422e-01,2.434253158853278420e-01,7.381092396254169963e-02,-3.317484375961608500e-01,9.394941305380750951e-02,1.415230949500085071e-03,3.602166523881958175e-03,3.943627054558875716e-02,2.011036566353055933e-03,1.561563527992959870e-03,1.378377430001712480e-03,7.655828675829876029e-02,7.198926364582253950e-04,1.155873763476603956e-03,1.507692770186640089e-03,1.033356361676271602e-02,1.049010701532602586e-03,2.217614226880114045e-02,-1.834097540641933810e-02,-1.550581341690969932e-08,6.845775196357983816e-04,1.600630036752370700e-03,-3.792389191869693921e-03,1.104972500197756169e-01,-7.927502044834053036e-04,7.499999999999951150e-03,-3.576717496378094552e-01,-5.316567030167040908e-01,-2.050206421665050072e-01,-2.446979648230055426e-01,-1.196727063260979718e-01,-5.017117571216983540e-01,-1.979597118801143529e-01,3.646902095535667909e-01,4.763912409874557774e-01,5.088269719622025011e-01,3.879254480406620353e-01,1.301024456756205705e-02,9.441260254541614105e-02,-1.260655779118258690e-03,2.378827339149924315e-03,8.818999509508294171e-03,-1.417746484084693448e-03,-4.037955490048268647e-03,-2.281705759029620598e-03,-2.743109322143777451e-02,-1.476767648729846241e-04,-6.842638698569204932e-04,-6.477451493065880615e-04,4.892744291852680998e-03,5.008737272069558807e-04,-6.206376428247759730e-03
1.367236348478532704e-01,7.552595950770725481e-07,2.481486038395014138e+00,4.236779561787812898e-01,3.205296689133719790e-01,7.981715935733438849e-01,4.625075964301179898e-03,7.666666666666666075e-02,-4.012217473722685668e+01,1.057213672223651812e+00,3.776343048372919897e-01,7.764122458992792075e-02,-3.167432967727708271e-03,1.176570351157227023e-01,-1.875578208447670897e-02,-1.531901062218396503e-01,-1.837626414228652472e-01,1.733560820240782618e-01,1.211330368911542610e-01,-2.672372807455718480e-01,-1.862169572835474518e-02,4.468117781866570693e-04,3.116579502071764119e-04,9.506613899425737577e-03,5.731212906411124177e-04,3.160336140995971435e-04,6.069357706948549014e-04,2.445807627620954494e-01,2.538950959998905127e-04,3.311376469657578334e-04,7.931407796891451825e-04,2.159060796726507223e-03,1.805437175043422588e-04,6.725622322546748189e-02,3.418090871196331759e-02,6.705195537214557249e-07,-2.783271708373979969e-01,-4.685213983291613982e-02,1.749616348539700939e-02,-2.066808439798320407e+00,4.137049076225311067e-03,-7.058333333333333126e-01,1.133251788987621467e+00,5.193957456129900674e-01,4.436446469601401654e-02,1.092498685292200566e-01,7.784675013946235067e-02,2.923414495062167107e-01,-9.045345111797109539e-02,-3.225934522918206260e-01,-3.404851989410898616e-01,-7.006923386124958020e-02,4.732211292861256136e-02,6.451115685058900207e-02,-1.125711087821622547e-01,-9.684191713134279473e-04,-3.290508573674781872e-03,-2.992965664616301785e-02,-1.437915275711943407e-03,-1.245529913893362673e-03,-7.714416593068575785e-04,1.680224760037966891e-01,-4.659975404583348822e-04,-8.247361165108460686e-04,-7.145519904974949061e-04,-8.174502820036209233e-03,-8.684669840282603810e-04,4.508008095666633797e-02
9.920800333472280796e-02,6.202837056433041455e-07,2.974763574089287932e+00,4.554824067457806103e-01,3.114331775172717864e-01,1.433748206435619732e+00,2.961753937839928675e-03,5.675000000000000044e-01,-4.010691246027097634e+01,8.012098252803979692e-01,4.676733657396232591e-01,3.385882082875437682e-01,3.227473837495276610e-01,1.324210666833109951e-01,-1.076507618723133303e-02,1.119030568648010787e-01,1.989516047724865788e-01,1.840725063641778236e-01,1.367734186257666962e-01,1.812893743918096434e-01,1.089719671709158816e-01,6.192411589429066632e-04,2.673209049671901425e-04,1.766515841256401445e-02,5.768973502061915636e-04,3.440929797923295268e-03,5.042913988646094458e-04,3.386634970096483177e-01,7.640238021431527493e-04,7.796147244901322545e-04,8.894322661599239664e-04,4.209184185813927975e-03,4.464035329739176597e-04,9.296135039541897349e-02,-3.751563151313046240e-02,-1.349758894337684027e-07,4.932775356942737943e-01,3.180445056699932049e-02,-9.096491396100192528e-03,6.355766128622758471e-01,-1.663322026461251223e-03,4.908333333333333437e-01,1.526227695588033839e-02,-2.560038469432538433e-01,9.003906090233126935e-02,2.609469836976158197e-01,3.259148167172553623e-01,1.476403156758829271e-02,7.990705897245375944e-03,2.650931630866407152e-01,3.827142461953518260e-01,1.071642434009956180e-02,1.564038173461243519e-02,4.485266551373814914e-01,1.275936628992706268e-01,1.724293807562495939e-04,-4.433704523998626941e-05,8.158544513138276874e-03,3.776059565079145815e-06,3.124896183823698288e-03,-1.026443718302454556e-04,9.408273424755286829e-02,5.101287061432622366e-04,4.484770775243744211e-04,9.629148647077878393e-05,2.050123389087420752e-03,2.658598154695754009e-04,2.570512716995149161e-02
