1.121300541892455149e-01,1.478426887850676358e-03,3.031879044387803646e+00,1.767522548238693036e-01,1.820155696500305453e-01,1.232353930684607635e+00,0.000000000000000000e+00,1.691666666666666596e-01,-2.666981688645582693e+01,6.236846023086946023e-01,8.993923658800304644e-01,-9.931092134217680556e-01,2.167407885133398882e-02,7.413696608167843483e-01,2.068588419429045425e-03,6.890340193914512579e-01,9.809572354897171109e-02,2.562678437472508675e-01,-2.314221711210119603e-01,-1.145538049893717603e-01,-1.768243991194409503e-01,7.545690370663547461e-03,5.659927585685851741e-03,9.489812257151123559e-03,5.632575876631358558e-03,1.376127169183836291e-02,7.726736120019798461e-03,3.421796785101492884e-03,1.016114368101295358e-03,7.271759621461960921e-04,6.149704560975563505e-03,6.622941965956584062e-03,5.125536601219101394e-03,3.396532558996347324e-03,0.000000000000000000e+00,0.000000000000000000e+00,0.000000000000000000e+00,0.000000000000000000e+00,0.000000000000000000e+00,0.000000000000000000e+00,0.000000000000000000e+00,0.000000000000000000e+00,0.000000000000000000e+00,0.000000000000000000e+00,0.000000000000000000e+00,0.000000000000000000e+00,0.000000000000000000e+00,0.000000000000000000e+00,0.000000000000000000e+00,0.000000000000000000e+00,0.000000000000000000e+00,0.000000000000000000e+00,0.000000000000000000e+00,0.000000000000000000e+00,0.000000000000000000e+00,0.000000000000000000e+00,0.000000000000000000e+00,0.000000000000000000e+00,0.000000000000000000e+00,0.000000000000000000e+00,0.000000000000000000e+00,0.000000000000000000e+00,0.000000000000000000e+00,0.000000000000000000e+00,0.000000000000000000e+00,0.000000000000000000e+00,0.000000000000000000e+00,0.000000000000000000e+00
2.375989995831596577e-02,7.262257717220998998e-02,3.075162859321354247e+00,9.892998304227393347e-02,1.634983986701751824e-01,1.758320078522966345e-01,1.428234213585560797e-02,2.666666666666666838e-02,-2.217156829870695844e+01,2.105467580009971140e+00,1.216870629767576872e+00,-7.036610467456287932e-01,-1.146328121477639517e+00,3.764346729959871518e-01,-2.416659111836920171e-01,-2.951817661096913792e-01,4.384975482197063235e-01,7.481460119998982472e-02,1.485368657271482762e-01,-5.148361505183411679e-02,4.505944953248366969e-02,8.595847122769910767e-03,9.797011260921409913e-04,4.221215566495021415e-03,2.277452969173737046e-02,2.987443114491517698e-02,4.751615046346075247e-03,7.487252078163035736e-03,7.485054540237416751e-04,1.762000475642537187e-03,2.540391573165714026e-02,7.251270536365082842e-02,5.712464687327872825e-02,2.255026092285317141e-02,-8.837015423092954569e-02,7.114415028435931709e-02,4.328381493355060172e-02,-7.782227178159537018e-02,-1.851717097985536298e-02,-1.056521922832311056e+00,1.428234213585560797e-02,-1.424999999999999878e-01,4.498248587748868488e+00,1.481782977701276538e+00,3.174782638875464080e-01,2.894481666761392624e-01,-1.168002200328973395e+00,-3.649349878207971964e-01,-2.437344996031210742e-01,-9.842157855011426371e-01,3.404018246707345985e-01,-1.814532425472610289e-01,3.799590368481602365e-01,6.307018993753764347e-02,2.218838486519246200e-01,1.050156752106363306e-03,-4.680226459593711183e-03,-5.268596690656102144e-03,1.714195381510601190e-02,1.611315945307681408e-02,-2.975121073673723214e-03,4.065455293061542852e-03,-2.676089140775536829e-04,1.034824513496341095e-03,1.925421117068157675e-02,6.588976339769424262e-02,5.199911027205962599e-02,1.915372836385682495e-02
1.917465610671113124e-02,2.817328073597262159e-02,3.029063029715548527e+00,9.323746011030084602e-02,1.511024529562766672e-01,2.779973813349614908e-01,1.183405698604525318e-02,7.749999999999999944e-02,-2.312756181469448791e+01,1.932680282555024665e+00,1.329570179124917484e+00,-1.356830841590188075e-01,-1.095599933010679150e+00,-1.472460219295631395e-02,-2.383838281749226795e-01,-8.312262878093861218e-01,-1.023446342895368566e-01,-7.379837616811010803e-02,7.396068731815297337e-02,-2.999898740000765396e-01,4.692962477805824317e-01,4.871676846371469569e-03,5.235889441019941351e-04,6.287042413943257080e-02,4.577064217505590060e-02,1.784814837258886719e-02,9.897877695293235550e-03,3.469743561437671486e-03,3.118413752079309529e-04,2.879854257223299699e-02,1.941804635818405664e-02,1.056438031300030965e-02,4.172129995426915490e-03,1.873601629401477550e-02,-4.585243851604834525e-03,-4.444929643623736493e-02,-4.609982960580571998e-02,-5.692522931973087452e-03,-1.239594571389851518e-02,1.021653734826648563e-01,-2.448285149810354791e-03,5.083333333333332760e-02,-9.559935159875294630e-01,-1.727872974549464757e-01,1.126995493573406115e-01,5.679779625866099302e-01,5.072818846696036665e-02,-3.911592751889434449e-01,3.282083008769337562e-03,-5.360445216996947426e-01,-5.408421825092432078e-01,-1.486129773680999189e-01,-7.457617840899530282e-02,-2.485062589482424089e-01,4.242367982480987898e-01,-3.724170276398441198e-03,-4.561121819901468562e-04,5.864920857293755285e-02,2.299611248331853014e-02,-1.202628277232630979e-02,5.146262648947160304e-03,-4.017508516725364250e-03,-4.366640788158107221e-04,2.703654209659046154e-02,-5.985869373473083621e-03,-6.194832505065051703e-02,-5.295251687785181016e-02,-3.814244628838395906e-03
6.294289287203001793e-02,7.016296372870414223e-03,2.894050199963657199e+00,2.166297857528716175e-01,2.210334656464065239e-01,8.729130003531101467e-01,8.270773387544873290e-03,1.891666666666666774e-01,-2.572059862979663336e+01,2.832956719257516909e+00,7.736685893007706483e-01,4.683538841438034117e-01,-2.215039569992235946e-01,-7.562548260777154918e-02,-2.061497417701670942e-01,-3.068081417886481255e-01,-1.184325017006545994e-01,-1.042518230771970200e-01,-1.161351245606158378e-01,-3.008392574693443677e-01,-8.769866342937398390e-03,2.466071783290446282e-02,6.440641246139687396e-04,1.688834457367327860e-02,1.291937542949290474e-01,2.186580253096649315e-02,1.863711857322103427e-02,5.108188695299845095e-03,4.962499382946788636e-04,3.785769086844728050e-03,1.042059080779866170e-02,2.660047149274374217e-02,1.142394176895404276e-03,3.373817292862565931e-02,4.376823676531888668e-02,-2.115698436310220823e-02,-1.350128297518913278e-01,1.233923256425707715e-01,6.993101269012985677e-02,5.949156190181486004e-01,-3.563283598500379887e-03,1.116666666666666780e-01,-2.593036815102145454e+00,9.002764367024922443e-01,-5.559015898241468356e-01,6.040369683028221637e-01,8.740959760114554999e-01,-6.090088041481523523e-02,3.223408640475558529e-02,5.244181460207379963e-01,-1.608786741111774277e-02,-3.045344690908691199e-02,-1.900958118787688111e-01,-8.493834692678281506e-04,-4.780661141235198475e-01,1.978904098653299498e-02,1.204751805119746045e-04,-4.598207956575929567e-02,8.342311211987314679e-02,4.017654158377625961e-03,8.739240877927798717e-03,1.638445133862173608e-03,1.844085630867479107e-04,-2.501277348538826981e-02,-8.997455550385394935e-03,1.603609117974343079e-02,-3.029735818531511214e-03,1.500215663461088381e-02
9.545644018340974923e-02,4.836457806175828954e-03,3.188549805971287121e+00,2.034295589232302248e-01,2.053355661650686503e-01,9.691334952301002836e-01,3.635190517428288966e-03,1.774999999999999911e-01,-2.556432858211011805e+01,2.181136590907312822e+00,1.145316047217095123e+00,-1.611675247260986599e-01,-3.906446172584138177e-01,-7.089738606642304042e-03,3.295742573121635682e-02,-1.761885031071844243e-01,1.830676471618020718e-01,-6.400839081790109589e-03,-1.160819617825479821e-01,-1.307862849197159172e-01,2.483271877319555843e-01,5.927500643819719889e-02,1.673915900938008003e-03,5.838606427568888979e-02,1.483014252074714781e-02,3.687445502992376615e-03,8.049222057878668846e-03,4.344099052313921822e-02,5.306153622969266319e-04,6.855833020234619081e-03,3.243075033120528666e-03,1.247411258348830876e-02,1.430684156927240769e-02,2.090462078774977389e-02,3.251354731137973131e-02,-2.179838566694585270e-03,2.944996060076299216e-01,-1.320022682964139271e-02,-1.569789948133787361e-02,9.622049487699013692e-02,-4.635582870116583890e-03,-1.166666666666668628e-02,1.562700476865153121e-01,-6.518201283502040866e-01,3.716474579163244751e-01,-6.295214088699020438e-01,-1.691406602591902231e-01,6.853574400112924514e-02,2.391071675013834441e-01,1.306196386814637012e-01,3.015001488624566850e-01,9.785098399540691216e-02,5.316277806785563165e-05,1.700529725496284505e-01,2.570970540748929722e-01,3.461428860529273954e-02,1.029851776324039372e-03,4.149771970201561466e-02,-1.143636117741819030e-01,-1.817835702797411523e-02,-1.058789651534236542e-02,3.833280182783937312e-02,3.436542400224776826e-05,3.070063933389891031e-03,-7.177515774678133037e-03,-1.412635890925543342e-02,1.316444739237700341e-02,-1.283355214087588542e-02
2.292621925802417610e-02,4.426573288108245213e-03,2.930231333383281900e+00,8.834142398166437704e-02,1.458709935815411807e-01,1.597576592590486400e-01,8.267111414918882836e-03,2.333333333333333440e-02,-2.563808066871180102e+01,2.220928000930348478e+00,1.343712403860623184e+00,-6.568477634152930511e-02,-8.634106229367763952e-01,6.705539458594464430e-02,-1.731012692373421480e-01,-1.291072118514739464e-01,1.754599722116539917e-02,3.832763731420623515e-02,-1.380885879433965124e-01,-1.143425517227447674e-02,1.872276534050246743e-01,6.268611342138226926e-03,1.213542748245846322e-03,1.729197780044099131e-02,5.799805352869548576e-03,2.211641004016400708e-02,6.818087479539748641e-02,1.861980709278171844e-02,1.911226974902215353e-04,2.287155795463322733e-03,8.999101114561100859e-03,8.555916787782309740e-02,2.427544730813033583e-02,2.611771128658526772e-02,-7.253022092538558008e-02,-4.098845180675837405e-04,-2.583184725880052213e-01,-1.150881349415658478e-01,-5.946457258352746966e-02,-8.093758359710516714e-01,4.631920897490593436e-03,-1.541666666666666463e-01,-7.375208660168297570e-02,3.979141002303565600e-02,1.983963566435280601e-01,9.548274838456935476e-02,-4.727660056783625775e-01,7.414513319258694835e-02,-2.060586949685584979e-01,4.708129125571047791e-02,-1.655216499406366726e-01,4.472847639599634301e-02,-2.200662616084853029e-02,1.193520297474414404e-01,-6.109953432693090991e-02,-5.300639509605897109e-02,-4.603731526921616812e-04,-4.109408647524789848e-02,-9.030337167877600102e-03,1.842896453717162916e-02,6.013165273751881756e-02,-2.482118343035749977e-02,-3.394926648067050695e-04,-4.568677224771296348e-03,5.756026081440572192e-03,7.308505529433478864e-02,9.968605738857928139e-03,5.213090498835493830e-03
2.584410170904543474e-02,3.702608944166894977e-04,2.730931847963752546e+00,1.408273125852551044e-01,2.305837543701831360e-01,8.697279455399603565e-02,8.290792028216220980e-03,1.250000000000000069e-02,-3.057331264019626715e+01,2.828375261270739571e+00,1.642374184787842362e+00,8.522533905013235378e-01,-8.073002989633342175e-01,7.085494277809320507e-02,2.753942471154179339e-01,-2.273937794643398347e-01,1.907741187163461971e-01,2.743944741431069700e-01,4.542643839858673260e-02,-4.934399908792122535e-02,3.664320013744899462e-01,7.650175126072684788e-03,4.041388334048970268e-04,1.081353012273032765e-01,3.928397660918522306e-03,1.267887397991073264e-02,5.364499024728493909e-02,4.193837232046501023e-02,6.311091872649103975e-05,2.634718870779909853e-03,2.332568739830719398e-02,4.183520476907032909e-02,2.491736369196637709e-03,3.087000562433148132e-02,2.917882451021258650e-03,-4.056312393691555336e-03,-1.992994854195293541e-01,5.248588860359072739e-02,8.471276078864195536e-02,-7.278486470505260431e-02,2.368061329733814335e-05,-1.083333333333333370e-02,-4.935231971484466129e+00,6.074472603403910931e-01,2.986617809272191781e-01,9.179381668428527874e-01,5.611032397344217770e-02,3.799548192148560766e-03,4.484955163527600819e-01,-9.828656761286588828e-02,1.732281214951807979e-01,2.360668368289007280e-01,1.835150263419832450e-01,-3.790974391564674861e-02,1.792043479694652719e-01,1.381563783934457862e-03,-8.094039148409492949e-04,9.084332342686228523e-02,-1.871407691951026270e-03,-9.437536060253274434e-03,-1.453588454811254732e-02,2.331856522768329179e-02,-1.280117787637305091e-04,3.475630753165871202e-04,1.432658628374609312e-02,-4.372396310875276831e-02,-2.178371093893369942e-02,4.752294337746213598e-03
1.233847436431846634e-01,2.495855904831835708e-03,1.694072038839107286e+00,3.226210797473753056e-01,2.018849061375784792e-01,2.610630069674064302e+00,1.785355191172480899e-02,5.350000000000000311e-01,-2.770427909059137406e+01,2.845679894815463795e-01,1.263338275156235646e+00,-8.952024487561294208e-01,-1.896591774293051036e-01,5.275208226923873145e-01,2.050526581047624475e-01,1.676721641227795212e-01,2.804929772720691217e-01,7.365117394870712708e-02,-1.036750848210389875e-01,-7.761682352668228257e-02,-2.087787565877193274e-01,1.757441493427683472e-03,1.097823647884592487e-03,6.571738541174253559e-03,2.313834717412705921e-03,1.988647565835614545e-03,1.637590361137803005e-03,4.843074807753374768e-03,1.514485200976182404e-03,2.222493945875383525e-03,1.571955308745112473e-03,6.912939364202861335e-03,1.900982165356167406e-03,1.953719276183656702e-03,9.754064193413922168e-02,2.125595010415146265e-03,-1.036859809124645260e+00,1.817937671621202012e-01,-2.869884823260465678e-02,2.523657275120068100e+00,9.562759883508588007e-03,5.225000000000000755e-01,2.869033549604893096e+00,-2.543807271789193081e+00,-3.790359096316067156e-01,-1.747455839257452848e+00,6.176411215340291694e-01,4.566658799142940817e-01,-7.034158901065548641e-02,3.950659435871193281e-01,8.971885855572292456e-02,-2.007433001943998430e-01,-1.491015232196257201e-01,-2.827282443876105722e-02,-5.752107579622092182e-01,-5.892733632645001315e-03,6.936848144796954607e-04,-1.015635626861290247e-01,-1.614562943505816386e-03,-1.069022641407511853e-02,-5.200739988614713760e-02,-3.709529751271163633e-02,1.451374282249691351e-03,-4.122249249045263284e-04,-2.175373208956208129e-02,-3.492226540486746689e-02,-5.907542038404703030e-04,-2.891628634814782592e-02
2.192580241767403126e-01,4.316331434461116029e-03,2.559936915995468354e+00,2.963187454972583956e-01,1.956299051967851366e-01,2.307030201771248290e+00,7.541577660012812679e-04,4.541666666666666630e-01,-2.667105301198082401e+01,1.072319042677853385e-01,7.876860110730012909e-01,-6.244480529875708896e-01,-3.797550138652084351e-01,3.333627499112981618e-02,3.196170010938754746e-01,1.159103245891453804e-01,3.136103779680443626e-01,9.005693738764243561e-02,-1.312000549367975666e-01,-9.481134874626451214e-02,1.506693434002832066e-01,4.450274107247976715e-03,1.259944116259053420e-03,2.387801618895904303e-03,1.476420319997076135e-03,5.077751749688790353e-03,3.053666166589119688e-03,1.771236725809195549e-03,4.403480656551601478e-04,7.318862649659811821e-04,1.975393931807846361e-03,9.132102829934381216e-03,4.995134526783428543e-03,2.379409327915561756e-03,9.587328053355564927e-02,1.820475529629280321e-03,8.658648771563610680e-01,-2.630233425011690995e-02,-6.255000940793342679e-03,-3.035998679028160119e-01,-1.709939414572352739e-02,-8.083333333333336812e-02,1.033226078610550047e+00,-1.773360852137610411e-01,-4.756522640832343551e-01,2.707543957685585312e-01,-1.900958364359033315e-01,-4.941845477012575261e-01,1.145643429891130272e-01,-5.176183953363414081e-02,3.311740069597524094e-02,1.640576343893530853e-02,-2.752497011575857910e-02,-1.719452521958222957e-02,3.594480999880025340e-01,2.692832613820293243e-03,1.621204683744609330e-04,-4.183936922278349256e-03,-8.374143974156297854e-04,3.089104183853175808e-03,1.416075805451316684e-03,-3.071838081944179219e-03,-1.074137135321022365e-03,-1.490607680909402342e-03,4.034386230627338889e-04,2.219163465731519881e-03,3.094152361427261137e-03,4.256900517319050538e-04
5.794080867027927989e-02,2.692402753878187990e-02,1.905633787066945972e+00,9.532567072449255052e-02,1.625704141367210198e-01,1.084812701607781732e-01,1.072244153018039881e-02,4.499999999999999833e-02,-2.240808933236747436e+01,2.098802321687331052e+00,-1.412509346109186215e+00,-2.299541790307893241e-01,4.717729437320012376e-01,4.552836029480787916e-01,2.379466030778557006e-01,4.123589475175380992e-01,1.129694872858430510e-01,-4.253233785792374655e-01,2.633979929626778516e-01,-2.560501018463360867e-01,-2.447077933950773110e-01,1.919075475011892962e-02,1.229256904979401759e-02,2.666200615318318340e-02,4.946853507898669490e-03,2.782337218525623990e-02,7.416622688795079452e-03,3.531095379305687273e-03,1.382156768677519736e-02,1.389591833649159169e-02,5.887458853508785277e-03,1.533827599969636753e-02,3.266027038928867848e-03,8.077077413606904149e-03,-1.613172155064610258e-01,2.260769610432076387e-02,-6.543031289285223817e-01,-2.009930747727658451e-01,-3.305949106006411675e-02,-2.198548931610470270e+00,9.968283764179117212e-03,-4.091666666666666785e-01,4.262963679613349655e+00,1.991570417419545658e+00,-2.200195357182187728e+00,3.944938739567815933e-01,8.515279575972096726e-01,4.219473279569490032e-01,-8.167039801601977400e-02,2.964486229283926910e-01,-2.006408906822013116e-01,-5.153803159668799427e-01,3.945980478994753904e-01,-1.612387531000715746e-01,-3.953771367953605176e-01,1.474048064287095290e-02,1.103262493353496417e-02,2.427420453428727823e-02,3.470433187901593355e-03,2.274562043556745128e-02,4.362956522205960197e-03,1.759858653496491725e-03,1.338121962112003710e-02,1.316403207152561095e-02,3.912064921700939349e-03,6.206173169761986311e-03,-1.729107487854560695e-03,5.697668085691342393e-03
3.293038766152563829e-02,9.232314624041319806e-02,3.077493312496265343e+00,8.302863899580018026e-02,1.373774552998109910e-01,2.104850445515678292e-01,6.934124802720465462e-03,4.499999999999999833e-02,-2.112909684700674617e+01,1.392763046272941896e+00,-1.137067917801911410e+00,-4.195356826797354000e-01,4.923207628365465216e-01,3.463207763785145499e-01,-1.326200183253247733e-01,3.052099198337512309e-01,-3.989986570303551972e-01,-2.146984802333971321e-01,2.904098144024052641e-01,-2.175974559028431843e-04,-6.044128982364948000e-01,7.249090654671460840e-03,3.184808948781228406e-03,2.234087172888577291e-02,1.730633145593189932e-03,8.169222964472105941e-02,4.229682672793134805e-03,2.080733986795774842e-03,6.467371639109530113e-02,9.824739172742799967e-03,1.268502405660218608e-02,2.551580544340158792e-03,5.222692098033158981e-04,2.571498378119685055e-02,-2.501042100875364160e-02,6.539911870163131469e-02,1.171859525429319371e+00,-1.229703172869237027e-02,-2.519295883691002880e-02,1.020037743907896560e-01,-3.788316727459933343e-03,0.000000000000000000e+00,1.278992485360728182e+00,-7.060392754143891558e-01,2.754414283072748049e-01,-1.895815036489460759e-01,2.054781910454528404e-02,-1.089628265695642417e-01,-3.705666214031804739e-01,-1.071490276837868683e-01,-5.119681443161983037e-01,2.106248983458403334e-01,2.701182143972741256e-02,2.558325043904332574e-01,-3.597051048414174890e-01,-1.194166409544746878e-02,-9.107760101012789614e-03,-4.321134424297410487e-03,-3.216220362305479558e-03,5.386885745946481951e-02,-3.186940016001944646e-03,-1.450361392509912431e-03,5.085214870432010204e-02,-4.071179163748791727e-03,6.797565203093400808e-03,-1.278669545535620830e-02,-2.743757829125551950e-03,1.763790636758994640e-02
4.168403501458941424e-02,3.031152686051646200e-02,2.559238077458855454e+00,7.535586997321853941e-02,1.079281202172607951e-01,3.299063136764730508e-01,7.549957388856834255e-03,7.416666666666667240e-02,-2.179672925958372431e+01,1.272258031119004151e+00,-9.225915691373455241e-01,-3.566186930880334005e-01,-3.688935161335123170e-02,6.900438837021785621e-02,3.889898492820034193e-01,-2.432343401606739397e-01,-3.354654558923960694e-01,-2.603526273474389141e-01,3.375942967761302871e-01,-6.773255099144001590e-02,-3.081393931912927431e-01,2.200247729747129011e-02,1.751869329769526872e-03,1.803907123354867720e-02,1.343246712960376003e-02,2.408410374115356120e-02,1.889724483271468941e-02,2.165013200372617810e-02,7.346029166690630496e-03,1.103672718249952209e-02,1.687854877305737522e-02,6.167646232260320938e-03,3.625275413763221453e-03,7.328127261870795266e-03,8.753647353063775949e-03,-6.201161937989673606e-02,-5.182552350374098893e-01,-7.672769022581640841e-03,-2.944933508255019594e-02,1.194212691249052216e-01,6.158325861363687925e-04,2.916666666666667407e-02,-6.676324125769781404e-01,-1.205050151539377445e-01,2.144763486645658856e-01,6.291698959170199945e-02,-5.292101144498977394e-01,-2.773163880082967214e-01,5.216098676073281926e-01,-5.484442599944251429e-01,6.353320113795912771e-02,-4.565414711404178205e-02,4.718448237372502296e-02,-6.751495353553717271e-02,2.962735050452020569e-01,1.475338664279982927e-02,-1.432939619011701533e-03,-4.301800495337095714e-03,1.170183398401056923e-02,-5.760812590356749474e-02,1.466756215992155374e-02,1.956939801693040326e-02,-5.732768722440467063e-02,1.211988009756722121e-03,4.193524716455189136e-03,3.616065687920162145e-03,3.103006203959905555e-03,-1.838685651932605442e-02
6.127553147144643858e-02,1.371919383398289768e-03,2.948205431341452964e+00,1.427630777870161349e-01,1.900286899649186179e-01,4.950233843715660664e-01,4.647907345879057767e-03,9.500000000000000111e-02,-2.571982635497757741e+01,9.774039300588188706e-01,4.445461034471823170e-02,4.257261729025167418e-01,-7.041553184479626415e-02,3.461034473580063553e-01,-7.372900834014500804e-02,2.945000224512743792e-01,-5.662030721028663560e-01,-1.610120433420874908e-01,1.178154894577046335e-01,-2.943362779634179360e-01,-8.710433482617609136e-02,2.082348808033243626e-02,6.790188212449207485e-03,3.729023757317178472e-02,2.391016373100944559e-02,6.875914939549607717e-03,9.997186311614359236e-03,1.197217837176937048e-02,5.748852277764796882e-03,1.272545976712325874e-02,5.378502758158367099e-03,1.003582426738174223e-02,1.865402937613876459e-03,9.571413822514958022e-03,1.959149645685702434e-02,-2.893960747711817050e-02,3.889673538825975108e-01,6.740720781379759552e-02,8.210056974765782278e-02,1.651170706950930156e-01,-2.902050042977776488e-03,2.083333333333332871e-02,-3.923097095393853095e+00,-2.948541010601852808e-01,9.670461794820637280e-01,7.823448659905500868e-01,-3.352618023144503245e-02,2.770990589877885268e-01,-4.627188576221484273e-01,5.377343626119482911e-01,-2.307376162104702866e-01,9.934058400535142330e-02,-2.197788073184256397e-01,-2.266037269719779201e-01,2.210350583651166656e-01,-1.178989217138853851e-03,5.038318882679681046e-03,1.925116633962310753e-02,1.047769660140568555e-02,-1.720818880160395262e-02,-8.900058521100330175e-03,-9.677953631956807620e-03,-1.597176888925833614e-03,1.688732584623736654e-03,-1.150004601489900899e-02,3.868178035121421290e-03,-1.759872476149344995e-03,2.243286560644162757e-03
7.127969987494789383e-02,4.902425863153822908e-03,2.754716005940486490e+00,1.661698726563931583e-01,1.996094626333495270e-01,6.245232634895333534e-01,3.040863447642916211e-03,1.016666666666666691e-01,-2.466372389003869614e+01,1.572532148448549050e+00,1.152216917080847836e+00,-6.480355147399430304e-01,-4.936364498098471110e-01,4.514472335498485034e-01,-5.706764435121337575e-01,4.341501525692462171e-01,-1.702959300158685685e-01,-1.601891439738240552e-01,2.104608597676528858e-01,-1.450389442264746198e-01,-1.622691479553966809e-01,3.278729852567380254e-02,8.270157232271624012e-03,4.163220981756086958e-02,9.624492192585702710e-03,1.533657008199457508e-02,5.922097720793965611e-03,1.009490744559855477e-02,1.683876768755669477e-04,2.325166808435171970e-02,4.508171362848998297e-03,1.188678124452162768e-02,1.372478348041786776e-02,1.160188446914411572e-02,1.000416840350145525e-02,3.530506479755533139e-03,-1.934894254009664749e-01,2.340679486937702336e-02,9.580772668430909134e-03,1.294998791179672870e-01,-1.607043898236141556e-03,6.666666666666667962e-03,1.056102464938881269e+00,5.951282183897301792e-01,1.107762306736129521e+00,-1.073761687642459828e+00,-4.232209179650508468e-01,1.053437861918421481e-01,-4.969474351719887495e-01,1.396501301179718380e-01,3.959071420869977875e-01,8.228993682634355711e-04,9.264537030994825229e-02,1.492973337369433162e-01,-7.516481312922058955e-02,1.196381044534136628e-02,1.479969019822416527e-03,4.341972244389084856e-03,-1.428567153842374288e-02,8.460655142444966498e-03,-4.075088590820393625e-03,-1.877270926170815715e-03,-5.580464600889230124e-03,1.052620831722846095e-02,-8.703313953093688021e-04,1.850956977139885454e-03,1.185938054280399195e-02,2.030470646629157702e-03
2.959566486035848307e-02,7.407936351207551270e-03,2.953358499949805704e+00,9.701609912770449429e-02,1.689895030735761583e-01,1.383010832072968377e-01,9.294359196702493137e-03,7.499999999999999722e-02,-2.502047644686438588e+01,2.417918084817964886e+00,9.597268533378124911e-01,-2.407116516524835104e-01,-5.901655511096809414e-01,4.545310328734781802e-01,1.808319271605456080e-02,1.707139195978109036e-01,4.206909337000367399e-01,-4.299319949029544730e-01,2.950624690350480694e-01,-5.466469243282977564e-01,-1.509790555804501333e-01,2.571136323548430663e-02,3.220729945805046127e-03,4.417686214723268862e-02,3.738659429374811393e-03,2.829857880771580094e-03,3.436136321967665080e-02,8.808744306096284032e-03,1.732894314849457555e-04,8.349522760333713154e-04,7.336088534237228398e-03,9.473104051581816842e-02,6.530132380334968505e-03,2.657005481228616808e-02,-4.168403501458940730e-02,2.505510488053728363e-03,1.986424940093192149e-01,-6.915377352868866401e-02,-3.061995955977336870e-02,-4.862221802822365158e-01,6.253495749059576926e-03,-2.666666666666667185e-02,-3.567525568256897373e-01,8.453859363694158358e-01,-1.924900637430353445e-01,4.073238630874594923e-01,-9.652910129983383047e-02,3.083799323629676792e-03,5.887596362281882767e-01,-2.634362329714353135e-01,5.909868637159052529e-01,-2.697428509291304177e-01,8.460160926739518361e-02,-4.016079801018231366e-01,1.129009237494654760e-02,-7.075935290189495908e-03,-5.049427286466578318e-03,2.544652329671819035e-03,-5.885832763210890883e-03,-1.250671220122299455e-02,2.843926549888268346e-02,-1.286163139502270736e-03,4.901754609378807751e-06,-2.241671580831835001e-02,2.827917171388230101e-03,8.284425927129654421e-02,-7.194651100082899257e-03,1.496817034314205236e-02
2.459358065860775197e-02,8.233390569543426463e-03,3.084493036131041421e+00,8.887953679649777949e-02,1.813096392593160355e-01,3.172258223555403378e-02,1.004065117169738140e-02,1.416666666666666595e-02,-2.565322383980908327e+01,3.146095665498870098e+00,5.698297626531733107e-01,3.919932968902352100e-01,-3.350168875014998271e-01,6.189493005567580086e-01,-1.107378510100903019e-01,1.046472920629222120e-01,7.370221731508362628e-02,-2.851287590466021205e-01,1.149774709349051516e-01,-1.737694092147342440e-01,7.858017067226007180e-02,4.823167771764547834e-03,4.797179077597087983e-03,3.693722819915876143e-02,9.457999638159372054e-04,3.028536446106340138e-02,1.110388080485115447e-02,1.382540518904437632e-02,2.651840345933538577e-04,1.415749851235048595e-03,2.344844980068725923e-02,1.356376893623701119e-01,1.216802789761279278e-03,3.623443766768498497e-02,-5.002084201750731096e-03,8.254542183358751922e-04,1.311345361812357169e-01,-8.136562331206714793e-03,1.232013618573987723e-02,-1.065785009717428039e-01,7.462919749948882658e-04,-6.083333333333332954e-02,-6.327473929446973955e-01,7.281775806809052121e-01,-3.898970906846391804e-01,6.327049485427187481e-01,2.551486636081811143e-01,1.644182676832798284e-01,-1.288210437261448627e-01,-6.606662753488869166e-02,-3.469887163849530998e-01,1.448032358563523525e-01,-1.800849981001429179e-01,3.728775151135634847e-01,2.295592262527101912e-01,-2.088819546371975880e-02,1.576449131792041856e-03,-7.239633948073927183e-03,-2.792859465558874404e-03,2.745550658029182259e-02,-2.325748241482549633e-02,5.016660882948092287e-03,9.189460310840810221e-05,5.807975752016772799e-04,1.611236126645003083e-02,4.090664884655194344e-02,-5.313329590573689226e-03,9.664382855398816891e-03
3.167986661108795204e-02,1.518822483978969065e-03,2.299745692766622884e+00,1.206970720596539370e-01,2.159494129117258132e-01,4.556857548591471130e-02,1.126436937413022484e-02,9.166666666666666713e-03,-2.896472952398572076e+01,3.448848294259851066e+00,1.078571220556986843e+00,6.581291837485041540e-01,1.267681708254022044e-01,2.088864989794432525e-01,3.242066493456200599e-02,5.227726703034194511e-01,2.026169713798253724e-01,-3.206965859704268840e-01,1.531556660417749960e-01,6.817309377891600519e-02,-2.578071635156370944e-01,2.497028541915055286e-02,1.021419052703782934e-03,7.288520733982428723e-02,3.368193211897623808e-03,1.403754700167309834e-02,7.020088054896354672e-03,6.809580709296685075e-02,2.506225973684523322e-05,1.966941913440194026e-04,4.553541987082806303e-02,4.441905452718854230e-02,1.336073113050256994e-03,2.615658308818500505e-02,7.086285952480200073e-03,-6.714568085564457181e-03,-7.847473433644185370e-01,3.181753526315615754e-02,3.463977365240977768e-02,1.384599325036067752e-02,1.223718202432843433e-03,-4.999999999999999237e-03,-3.311505684176637487e+00,3.027526287609809685e-01,5.087414579038135320e-01,2.661358868582689441e-01,4.617850583269020315e-01,-4.100628015773147839e-01,1.431585159446523148e-01,4.181253782404972252e-01,1.289147540647417323e-01,-3.556782692382476352e-02,3.817819510686984441e-02,2.419425029936502491e-01,-3.363873341878971801e-01,2.014711764738600502e-02,-3.775760024893304832e-03,3.594797914066552580e-02,2.422393248081686386e-03,-1.624781745939030131e-02,-4.083792749954799801e-03,5.427040190392247443e-02,-2.401217748565086143e-04,-1.219055659891029111e-03,2.208697007014080380e-02,-9.121863483518156956e-02,1.192703232889777160e-04,-1.007785457949997993e-02
1.709045435598165880e-02,4.852150582416519912e-03,3.084716163484106488e+00,7.535436493421868165e-02,1.464336229090832664e-01,7.759799911592366040e-02,1.758781899576364674e-02,2.500000000000000139e-02,-2.542894584260269752e+01,2.492635481722128343e+00,-1.396568385542716895e-01,-2.218747080081258649e-01,-4.054628699279272386e-01,5.636037773236902693e-01,7.443906530071325856e-01,7.961973106457878036e-01,-3.147127926489743377e-01,-1.716241007202294333e-01,-3.298840704812706637e-01,-7.095058057965685228e-01,-3.326636831093048863e-01,2.867670328400569527e-02,1.119988301577972550e-02,3.344614843074896621e-02,2.659055777491117420e-02,2.075221384107649517e-02,3.755896890275839482e-03,7.359688670462422207e-03,7.225838070393792844e-04,4.538678119367590340e-04,2.428892145333539157e-02,5.764008269647045296e-02,1.453179518085732274e-03,1.655130999934928057e-02,-1.458941225510629325e-02,3.333328098437550631e-03,7.849704707174836038e-01,-4.534270712543525539e-02,-6.951579000264254682e-02,3.202942363000894910e-02,6.323449621633421905e-03,1.583333333333333467e-02,3.535783681383023236e+00,-9.562128125377227228e-01,-1.218228059111258421e+00,-8.800038917566299634e-01,-5.322310407533294985e-01,3.547172783442470445e-01,7.119699880725706143e-01,2.734246403423683525e-01,-5.173297640287997101e-01,1.490724852501974507e-01,-4.830397365230456597e-01,-7.776788995754845280e-01,-7.485651959366779185e-02,3.706417864855142408e-03,1.017846396307594235e-02,-3.943905890907532102e-02,2.322236456301355126e-02,6.714666839403396828e-03,-3.264191164620515190e-03,-6.073611842250442594e-02,6.975215473025340139e-04,2.571736205927396043e-04,-2.124649841749267146e-02,1.322102816928191066e-02,1.171064050354752792e-04,-9.605273088835724477e-03
1.959149645685702434e-02,5.659605894430673467e-03,3.126901909855418271e+00,7.532046287240364013e-02,1.359846159614916394e-01,1.269536739709184181e-01,4.552385897721383280e-03,2.500000000000000139e-02,-2.488355826461892306e+01,2.362593790401718685e+00,3.417882022862568370e-01,-4.894006398056569562e-01,-5.294046151209411688e-01,1.701400401853910005e-01,4.848888146780758746e-01,2.944179116215832059e-01,-4.587165881584238936e-02,9.286333387003534168e-02,-1.233387453604979922e-01,-5.494190276834878262e-01,9.292994784019839583e-02,3.316279120295015370e-02,6.227484781925209621e-03,2.611551015581601090e-02,5.046074798969021891e-02,5.699709028134818979e-03,1.035011744040484523e-02,4.853229610692229128e-03,7.305218495890124578e-04,4.141183741050533107e-03,4.340162666190447438e-02,3.958828947843613666e-02,1.004224986564524608e-02,1.709355029718339497e-02,2.501042100875365548e-03,8.074553120141535548e-04,4.218574637131178307e-02,-3.390206181504151761e-05,-1.044900694759162696e-02,4.935567485499475771e-02,-1.303543309804226433e-02,0.000000000000000000e+00,5.453875779837744631e-01,-1.300416913204096581e-01,4.814450408405285264e-01,-2.675259317975310913e-01,-1.239417451930139302e-01,-3.934637371382992965e-01,-2.595018383290567110e-01,-5.017793990242045421e-01,2.688411338331319622e-01,2.644874345902648027e-01,2.065453251207726715e-01,1.600867781130806966e-01,4.255936309495033099e-01,4.486087918944458436e-03,-4.972398233854515882e-03,-7.330638274932955306e-03,2.387019021477904471e-02,-1.505250481294167705e-02,6.594220550129006181e-03,-2.506459059770193079e-03,7.938042549633173364e-06,3.687315929113774236e-03,1.911270520856908281e-02,-1.805179321803431630e-02,8.589070347559513152e-03,5.422402978341143986e-04
2.084201750729470712e-02,1.997941802907552983e-03,2.892488848782852173e+00,8.818806735026828159e-02,1.774824297300245102e-01,4.553819815216485906e-02,1.509675501115348081e-02,1.750000000000000167e-02,-2.752803237819364668e+01,3.211996035225543000e+00,9.539094777373859912e-01,1.834970698073022932e-01,-6.742856687660520043e-01,-1.766947132417309163e-01,1.108545044723045492e-01,-1.073401024687186123e-01,-3.181036535243139118e-01,-2.021547854538168765e-01,-5.188811051569534871e-02,-4.055390227224280886e-01,2.548295775213916814e-01,2.497176649171434226e-02,1.016604816732475649e-03,4.282806814267590273e-02,2.994831264631360804e-02,7.860000410412827654e-03,9.320689821120488328e-02,6.015806785561943898e-02,9.848870452105751294e-04,1.580267906965087668e-03,8.963174942995106448e-03,1.796976090838673518e-02,5.003005947123348972e-03,2.727750014648205532e-02,1.250521050437682774e-03,-3.661664091523120484e-03,-2.344130610725660979e-01,1.286760447786464145e-02,4.149781376853287074e-02,-8.141547581875355211e-02,1.054436911343209840e-02,-7.499999999999999722e-03,-2.644474113574723617e+00,8.494022448238243150e-01,6.121212754511291543e-01,6.728977096129592494e-01,-1.448810536451108355e-01,-3.468347534271218890e-01,-3.740343102057713254e-01,-4.017580140903018182e-01,-2.722319947084715364e-01,-2.950181193238522459e-01,7.145063484480264349e-02,1.438800049610597376e-01,1.618996296811932856e-01,-8.191024711235811440e-03,-5.210879965192733755e-03,1.671255798685989183e-02,-2.051243534337661087e-02,2.160291382278008675e-03,8.285678077080003978e-02,5.530483824492721245e-02,2.543651956215626717e-04,-2.560915834085445222e-03,-3.443845171890937140e-02,-2.161852857004940148e-02,-5.039243918521897105e-03,1.018394984929866035e-02
