8.030852994555354174e-02,3.983741564350609817e-04,3.225464162303045779e+00,1.248003265690693780e-01,1.362928271934249758e-01,7.826419020640702495e-01,0.000000000000000000e+00,1.470054446460979936e-01,-2.803335367040257964e+01,7.821598340036548525e-01,-5.405167115248646903e-01,-1.726872104574199152e-01,1.910065196665240370e-02,6.618976155962557062e-01,1.170256313696444866e-01,-3.592313157302364779e-01,6.705137039943984689e-01,2.553460345550429000e-01,5.202318846614127912e-01,-2.735060416125747462e-01,-8.944980711185300526e-02,1.219674271287992350e-02,3.309712108828038839e-03,2.194813303175812205e-02,1.568562721949105223e-03,5.598854464106290188e-03,1.277846307042223434e-02,8.275414224466148827e-03,1.987574952155387719e-03,8.365382942002314026e-03,5.122915030137373954e-02,1.141030194673753329e-02,3.530073964666230468e-03,1.311168526024858449e-02,0.000000000000000000e+00,0.000000000000000000e+00,0.000000000000000000e+00,0.000000000000000000e+00,0.000000000000000000e+00,0.000000000000000000e+00,0.000000000000000000e+00,0.000000000000000000e+00,0.000000000000000000e+00,0.000000000000000000e+00,0.000000000000000000e+00,0.000000000000000000e+00,0.000000000000000000e+00,0.000000000000000000e+00,0.000000000000000000e+00,0.000000000000000000e+00,0.000000000000000000e+00,0.000000000000000000e+00,0.000000000000000000e+00,0.000000000000000000e+00,0.000000000000000000e+00,0.000000000000000000e+00,0.000000000000000000e+00,0.000000000000000000e+00,0.000000000000000000e+00,0.000000000000000000e+00,0.000000000000000000e+00,0.000000000000000000e+00,0.000000000000000000e+00,0.000000000000000000e+00,0.000000000000000000e+00,0.000000000000000000e+00,0.000000000000000000e+00,0.000000000000000000e+00
1.011796733212341204e-01,5.133309747155226973e-04,3.217399038391032473e+00,1.394259689877215547e-01,1.334629678710425038e-01,1.172617898116053770e+00,3.247700645166631990e-03,1.796733212341197761e-01,-2.768425258310751147e+01,6.856896610716780582e-01,-4.096855507902170124e-01,-1.572358620790140771e-01,-1.305415523752664064e-01,-8.056085517658134743e-02,7.529858153656574828e-03,-7.836218416903966144e-01,5.437872400729781841e-01,2.751181534794372441e-01,3.699346981528316425e-01,-1.099761882801516127e-01,-4.558426918410467543e-01,4.017007614747577886e-03,2.901402916094761222e-03,7.473091060426429767e-03,4.016615209047339624e-03,2.310222270392814272e-03,1.432933327787395267e-03,6.349168755090521012e-03,2.803925970482925439e-03,4.740438348925257207e-03,2.681464698644305325e-02,1.656023018304965053e-02,6.426024107175892092e-03,7.041587321402199319e-03,2.087114337568057865e-02,1.149568182804617156e-04,-8.065123912013305585e-03,1.462564241865217662e-02,-2.829859322382471953e-03,3.899759960519835200e-01,3.247700645166631990e-03,3.266787658802178251e-02,3.491010872950681687e-01,-9.647017293197679422e-02,1.308311607346476779e-01,1.545134837840583808e-02,-1.496422043419187997e-01,-7.424584707728369981e-01,-1.094957732159879127e-01,-4.243905259601601365e-01,-1.267264639214202848e-01,1.977211892439434404e-02,-1.502971865085811487e-01,1.635298533324231474e-01,-3.663928847291937352e-01,-8.179735098132346477e-03,-4.083091927332776171e-04,-1.447504197133169315e-02,2.448052487098234184e-03,-3.288632193713475916e-03,-1.134552974263483907e-02,-1.926245469375627815e-03,8.163510183275377204e-04,-3.624944593077056819e-03,-2.441450331493068629e-02,5.149928236312117241e-03,2.895950142509661623e-03,-6.070097938846385176e-03
6.125226860254083527e-02,7.630722177589698745e-04,3.163601437362021152e+00,1.121877368255216056e-01,1.243775325565273648e-01,4.996910705732781066e-01,4.173039128884528833e-03,8.529945553539020064e-02,-2.747440298390638702e+01,9.193044393910622114e-01,-4.822527891430181679e-01,9.002064027748181430e-02,1.600102756126385306e-01,4.168956908847387677e-01,-7.328973442226886792e-02,-8.386882754383003791e-01,5.521954510115826276e-01,4.732876455061449383e-01,2.661173952868860493e-01,-1.846062193454824640e-01,-3.529993547747428684e-01,5.410272398483286990e-03,1.440781104490300229e-03,4.676007630645630589e-03,3.435489799567591727e-03,6.105169604482710115e-03,1.372155049792504874e-03,2.774885809604052574e-03,3.344782649966487453e-03,5.295172582827142177e-02,6.571883519454835287e-02,2.138453247232690105e-02,3.433962673041479358e-03,2.091305844570047479e-02,-3.992740471869328511e-02,2.497412430434471772e-04,-5.379760102901132157e-02,-2.723823216219994903e-02,-9.085435314515138971e-03,-6.729268275427756629e-01,9.253384837178968425e-04,-9.437386569872957542e-02,2.098495992011244482e-01,2.336147783193841532e-01,-7.256723835280115553e-02,2.472565023564958775e-01,2.905518279879049093e-01,4.974565460613201151e-01,-8.081959257592544188e-02,-5.506643374790376466e-02,8.408210938604443463e-03,1.981694920267076943e-01,-1.038173028659455932e-01,-7.463003106533085129e-02,1.028433370663038859e-01,1.393264783735709104e-03,-1.460621811604460992e-03,-2.797083429780799178e-03,-5.811254094797478967e-04,3.794947334089895843e-03,-6.077827799489039264e-05,-3.574282945486468438e-03,5.408566794835620133e-04,4.821128747934616543e-02,3.890418820810530309e-02,4.824302289277250522e-03,-2.992061434134412733e-03,1.387147112429827633e-02
5.943738656987295615e-02,2.175814735835923750e-04,3.258812342763934389e+00,1.224984248989185315e-01,1.526073062557735949e-01,4.593797894041203311e-01,2.752084177047855670e-03,8.439201451905625762e-02,-2.874635450781254775e+01,1.180113860385211044e+00,-7.093418380467277906e-01,-7.798974444538410433e-02,-5.755259812583129325e-02,3.326983445544011153e-01,-2.758517361275935054e-01,-7.468580891988769732e-01,6.521970083373169746e-01,-7.414034150111600829e-02,-2.040290474973828483e-02,-1.019267309596538773e-01,-1.499057919160715624e-01,4.704737015101271430e-03,3.002764216257529893e-03,5.876194202037639605e-03,4.917707835236033442e-03,5.118204557735601089e-03,2.600939242493314953e-03,1.563865935459609474e-02,2.618292953692902790e-03,2.477749262454255474e-02,8.185164997127059028e-02,6.357343547479392225e-03,1.020311506806177194e-02,2.138865888232994658e-02,-1.814882032667879119e-03,-5.454907441753774995e-04,9.521090540191323726e-02,1.031068807339692583e-02,2.822977369924623003e-02,-4.031128116915777548e-02,-1.420954951836673162e-03,-9.074410163339430291e-04,-1.271951523906160730e+00,2.608094209941488328e-01,-2.270890489037096227e-01,-1.680103847228659186e-01,-2.175628737384698308e-01,-8.419734633033765236e-02,-2.025620017053246236e-01,9.183018623942340586e-02,1.000015573257343471e-01,-5.474279870072609189e-01,-2.865203000366243202e-01,8.267948838582858673e-02,2.030935628586713060e-01,-7.055353833820155601e-04,1.561983111767229664e-03,1.200186571392009016e-03,1.482218035668441715e-03,-9.869650467471090260e-04,1.228784192700810079e-03,1.286377354499204304e-02,-7.264896962735846626e-04,-2.817423320372886703e-02,1.613281477672223740e-02,-1.502718892484750796e-02,6.769152395020293020e-03,4.756004366294717955e-04
9.074410163339383106e-02,2.346847973510087914e-04,3.120019479628210579e+00,1.257974802967533612e-01,1.176090863337515419e-01,1.017665130115239291e+00,3.232771055692959961e-03,1.778584392014519178e-01,-2.845590667422828446e+01,9.579889071903897602e-01,-6.272319064782149178e-01,-2.208452598811443957e-01,-3.886863411004706781e-02,8.476572332132648047e-02,-8.034029428099101477e-02,-7.279275481898505040e-01,2.683571003633556940e-01,-2.195770104560158809e-02,2.116081356106737643e-01,-2.009078414177660823e-02,-8.923061557527375842e-02,2.372405664581165446e-02,7.002493537320002119e-03,6.660052303527216888e-03,3.540687166160917318e-03,1.186662803164549931e-02,6.536689466052658312e-03,6.054554264465706465e-03,6.174180518719203474e-03,1.161801417396927764e-02,2.754468662991091735e-02,9.597397788019310094e-03,7.234536868083607346e-03,7.126147069511125365e-03,3.130671506352087491e-02,1.710332376741641636e-05,-1.387928631357238096e-01,3.299055397834829706e-03,-3.499821992202205301e-02,5.582853407111190158e-01,4.806868786451042909e-04,9.346642468239566015e-02,2.904478335842632930e-01,-2.221249531948212841e-01,8.210993156851287278e-02,-1.428555154357603052e-01,1.868396401578422544e-02,-2.479326212330746348e-01,1.955114418466024906e-01,1.893054100902646919e-02,-3.838399079739612807e-01,5.218264045551442021e-02,2.320110403604120353e-01,8.183594681787727254e-02,6.067517634079780398e-02,1.901931963071038303e-02,3.999729321062472226e-03,7.838581014895772830e-04,-1.377020669075116124e-03,6.748423473909898225e-03,3.935750223559342925e-03,-9.584105090130388277e-03,3.555887565026300684e-03,-1.315947845057327710e-02,-5.430696334135967640e-02,3.240054240539917869e-03,-2.968578199978164599e-03,-1.426251181281882122e-02
6.306715063520870745e-02,1.248812202898544072e-03,3.155421608891222363e+00,1.363617484114175993e-01,1.794493843650316889e-01,4.550072716455568766e-01,5.149451880938116059e-03,7.985480943738657023e-02,-2.692095823799026277e+01,8.173765179757612742e-01,-1.203504408272021209e+00,-1.469604302683222841e-01,4.524332985433005688e-02,2.569258052279098647e-01,-3.957981305236326630e-01,-8.557227173752035565e-01,3.527582232253809735e-01,2.960037177128983510e-01,2.231134281131362251e-01,-2.136186438969528423e-02,2.499525211890935711e-02,1.828494230613638598e-03,7.608607897287948674e-04,2.690694204291715907e-03,2.016687364552674153e-03,2.119696971471026360e-03,4.142234270659781760e-03,5.199622922720871163e-03,3.589836017799314435e-03,8.397242288449966244e-03,9.473313084103507711e-03,1.237075320444388227e-01,5.862815041045368880e-03,3.313184177272372050e-02,-2.767695099818512361e-02,1.014127405547535308e-03,3.540212926301178342e-02,1.056426811466423810e-02,6.184029803128014702e-02,-5.626578584696824148e-01,1.916680825245156098e-03,-9.800362976406534754e-02,1.534948436238021685e+00,-1.406123892146284859e-01,-5.762725017938062910e-01,7.388482961282211159e-02,8.411196396437711775e-02,1.721600819065833843e-01,-3.154578362426416760e-01,-1.277951691853530525e-01,8.440112286202527958e-02,3.179614187584999252e-01,1.150529250246246082e-02,-1.271080247918675993e-03,1.142258676941831086e-01,-2.189556241519801522e-02,-6.241632747591207252e-03,-3.969358099235500981e-03,-1.523999801608243165e-03,-9.746931060174473388e-03,-2.394455195392876552e-03,-8.549313417448353020e-04,-2.584344500919889039e-03,-3.220771885519311400e-03,-1.807137354580740790e-02,1.141101342564195126e-01,-1.371721827038238466e-03,2.600569470321259513e-02
6.987295825771325242e-02,1.532446059999694257e-02,1.876541093807217786e+00,1.104479714692876979e-01,1.032993409082714753e-01,6.298549993118485180e-01,9.322919556843060201e-03,1.352087114337568174e-01,-2.400720220837049368e+01,-6.008056044969505294e-01,-1.787083244764895440e+00,6.730675497553306741e-01,4.891319965246641033e-01,-6.383772507779195138e-01,3.223538991420991096e-01,-2.584985895682615498e-01,2.695412655489689557e-01,8.968157072608645697e-03,3.785171070429992346e-01,3.537470370732193614e-01,1.765891338331775362e-01,7.458097829711361152e-04,1.631132085576075461e-02,2.851355156943658972e-02,7.346118984367390123e-03,5.762365834021782388e-03,3.525954767971934290e-03,1.892903912461269553e-03,8.914830458622905601e-03,1.785241937139832010e-03,6.276450332427196271e-03,2.647684836579665760e-03,1.629506766008536733e-03,7.678258425799522682e-03,6.805807622504544963e-03,1.407564839709839893e-02,-1.278880515084004577e+00,-2.591377694212990135e-02,-7.615004345676021358e-02,1.748477276662916413e-01,4.173467675904944142e-03,5.535390199637024722e-02,2.913756029619769095e+00,-1.418182122472711804e+00,-5.835788364928742311e-01,8.200279800236529582e-01,4.438886666703340533e-01,-8.953030560058293785e-01,7.181520296657317726e-01,5.972241278069420067e-01,-8.321695767641201780e-02,-2.870355606402896775e-01,1.554036789298630095e-01,3.751089014629146456e-01,1.515938817142681860e-01,-1.082684447642502483e-03,1.555046006603195974e-02,2.582285736514487381e-02,5.329431619814715970e-03,3.642668862550756028e-03,-6.162795026878474698e-04,-3.306719010259601826e-03,5.324994440823590733e-03,-6.612000351310134451e-03,-3.196862751676311440e-03,-1.210598472078591586e-01,-4.233308275036831714e-03,-2.545358334692419955e-02
5.217785843920145356e-02,6.741781907445014432e-02,2.981639293190818218e+00,8.808724128147024657e-02,9.763696732033554093e-02,2.082451717719779882e-01,4.683381921187192848e-03,6.533575317604355115e-02,-2.296580097972173462e+01,-1.051808372444853479e+00,-2.604936225157072016e+00,5.809781252177832478e-01,5.093395773598856646e-01,-8.045685542083542696e-01,2.013517777114119944e-01,-1.055222999033144093e-01,4.907190220797758018e-01,-5.883519651888373392e-02,2.700660509665470110e-03,2.537172570188138132e-01,1.838908906527265685e-01,2.981512582993807448e-02,2.015549661030457615e-02,1.516567662593982374e-02,6.862731842933714535e-03,1.871823864753051824e-03,1.714043440317962810e-02,8.635635900360998660e-04,3.198663847525903218e-03,1.850219991477533273e-03,8.296724836943537157e-04,6.687832232544209908e-03,7.399738449882256770e-03,8.859006024181981936e-03,-1.769509981851179886e-02,5.209335847445320522e-02,1.105098199383600432e+00,-2.236073018781745136e-02,-5.662373587935934371e-03,-4.216098275398705297e-01,-4.639537635655867354e-03,-6.987295825771326629e-02,1.041401228648759059e+00,-4.510027679479029494e-01,-8.178529803921765762e-01,-9.208942453754742630e-02,2.020758083522156134e-02,-1.661913034304347558e-01,-1.210021214306871151e-01,1.529762896649471404e-01,2.211777565308068461e-01,-6.780335359149237962e-02,-3.758164465333337922e-01,-1.000297800544055482e-01,7.301756819549032329e-03,2.906931604696693858e-02,3.844175754543821544e-03,-1.334787494349676598e-02,-4.833871414336755878e-04,-3.890541969268730346e-03,1.361447963520769425e-02,-1.029340322425169579e-03,-5.716166611097002817e-03,6.497805433770126315e-05,-5.446777848732842556e-03,4.040147395964544148e-03,5.770231683873720471e-03,1.180747598382459254e-03
4.446460980036297944e-02,6.014760078982761549e-02,3.304127936848009206e+00,8.127920533154085747e-02,1.085406513226391534e-01,7.307222549426603542e-02,5.698424954804516378e-03,6.352087114337567897e-02,-2.309841086862273585e+01,2.651575206780931726e-01,-2.145615755513202494e+00,5.882785802625176697e-01,1.359429872280352447e-01,-7.210099615990517297e-01,1.620757343348567525e-01,1.369951459275096928e-01,9.463051160043118859e-01,-2.726142177458211191e-01,-7.489627401930954997e-01,-5.918999378980281667e-02,2.977228167625095567e-01,1.817951533957364030e-02,2.908259761955509295e-02,3.350366139428141016e-02,1.923866446762439748e-03,3.589408678504309798e-04,3.093621261007510267e-04,4.686315397863961428e-04,5.062805590374122068e-03,8.494864536799965130e-03,9.934139121378386325e-04,1.893453151009254600e-03,5.710472730809807926e-03,1.118742312659215532e-02,-7.713248638838474114e-03,-7.270218284622528837e-03,3.224886436571909876e-01,-6.808035949929389097e-03,1.090368400230361245e-02,-1.351729462777119528e-01,1.015043033617323530e-03,-1.814882032667872180e-03,-1.326098889010012272e-01,1.316965893122946651e+00,4.593204696438695223e-01,7.300455044734421861e-03,-3.733965901318504477e-01,8.355859260930253996e-02,-3.927604337655524191e-02,2.425174458308241021e-01,4.555860939245360841e-01,-2.137790212269373713e-01,-7.516634007027609421e-01,-3.129072508086166438e-01,1.138319261097829882e-01,-1.163561049036443418e-02,8.927101009250516805e-03,1.833798476834158642e-02,-4.938865396171275221e-03,-1.512882996902620899e-03,-1.683107227707887621e-02,-3.949320502497037232e-04,1.864141742848218850e-03,6.644644545322432073e-03,1.637414284434849168e-04,-4.794379081534955525e-03,-1.689265719072448844e-03,2.328417102410173384e-03
4.673321234119782314e-02,4.770470828305755501e-02,3.280850876966519003e+00,8.860737878843595594e-02,1.295669510804883795e-01,3.446757591209224925e-02,2.993571142582851508e-02,4.809437386569873074e-02,-2.481171058192875378e+01,-1.042610778793658932e-01,-2.711500518313997077e+00,4.556728432702091824e-01,2.797562349672426119e-01,-1.495340983413507019e-01,9.350758892938205724e-01,4.494367707991555605e-01,-1.714180850993495264e-01,-8.654039392171802847e-01,-1.472103121816674687e-01,6.582803634852856245e-01,7.941299684571721806e-02,5.316107834932014839e-04,8.441811122786707904e-04,8.061611317136617091e-03,1.135168356004926105e-01,4.058021418855296998e-03,8.832093049982416488e-04,5.219466869379207376e-04,6.917229470657542453e-04,2.805632952133461770e-04,4.992099161727279848e-04,3.128151995179752429e-03,1.007543104359686704e-04,3.096164640054800340e-02,2.268602540834843695e-03,-1.244289250677006048e-02,-2.327705988149020300e-02,7.328173456895098470e-03,2.102629975784922611e-02,-3.860464958217378617e-02,2.423728647102399783e-02,-1.542649727767694823e-02,-1.713299713306017935e+00,-3.694185985574590658e-01,-5.658847628007945829e-01,-1.326057369923084872e-01,1.438132477392073671e-01,5.714758632577010555e-01,7.730001549589637921e-01,3.124416248716458400e-01,-1.117723201103661523e+00,-5.927897214713591101e-01,6.017524280114280311e-01,7.174703572750884550e-01,-2.183098199167923248e-01,-1.764790455608043762e-02,-2.823841650727642108e-02,-2.544205007714479133e-02,1.115929691537301677e-01,3.699080551004865856e-03,5.738471788974906221e-04,5.331514715152459475e-05,-4.371082643308367606e-03,-8.214301241586619007e-03,-4.942039959651106477e-04,1.234698844170497830e-03,-5.609718420373839554e-03,1.977422327395584808e-02
4.764065335753175923e-02,4.480695169607655515e-02,3.287476619549393408e+00,1.356295742943652016e-01,1.990351884108325642e-01,1.014610010527702555e-01,1.605576565343036152e-02,4.900181488203266683e-02,-2.419115568995927035e+01,7.322473463887042566e-01,-2.317865988444795633e+00,-2.563754181556572309e-01,-5.616063978854604066e-01,-5.867035954597278335e-01,8.573511517796694736e-01,4.765830603403402588e-01,-2.089814461696038184e-01,-8.422040538537960419e-01,-4.158592758692612745e-02,3.016136660192570984e-01,2.344748290790575444e-03,5.009246510589909296e-04,6.184298460193690195e-04,2.277155427781269500e-03,2.951135459905643993e-02,1.991074553065566924e-02,1.739382425875809698e-03,5.747103485315524464e-04,3.672563585369238866e-04,5.224042345823040698e-04,1.949160130637956256e-04,1.150910002219482364e-02,4.571318123037944846e-04,9.229619860736448800e-03,9.074410163339360902e-04,-2.897756586980999860e-03,6.625742582874405429e-03,4.702219550592924568e-02,6.946823733034418469e-02,6.699342514067800625e-02,-1.387994577239815355e-02,9.074410163339360902e-04,6.205548919694834353e-01,8.365084242680701498e-01,3.936345298692014438e-01,-7.120482614258664134e-01,-8.413626328527030740e-01,-4.371694971183771594e-01,-7.772473751415109877e-02,2.714628954118469828e-02,-3.756336107025429194e-02,2.319988536338424279e-02,1.056243845947413412e-01,-3.566666974660285261e-01,-7.706824855492663828e-02,-3.068613243421055431e-05,-2.257512662593017709e-04,-5.784455889355347158e-03,-8.400548100143617747e-02,1.585272411180037311e-02,8.561731208775680496e-04,5.276366159363170879e-05,-3.244665885288303586e-04,2.418409393689578929e-04,-3.042939031089323320e-04,8.380948027015071647e-03,3.563775018678257871e-04,-2.173202653981155461e-02
4.718693284936479465e-02,7.901612444738564944e-02,3.279853754826292711e+00,1.156506299425669182e-01,1.641938636387453021e-01,9.107715682834113813e-02,2.572252545433213397e-02,4.718693284936479465e-02,-2.507562385038161779e+01,6.094132883344584029e-01,-2.468905724744188568e+00,-1.133594553328829135e-01,2.016935622139364725e-01,-4.685306718594911546e-01,7.023788499802718910e-01,7.791016108911648086e-01,1.586075128263927936e-02,-1.214361472269424258e+00,-9.579716001734697728e-02,4.274388717925857728e-01,-1.651498685299330749e-01,2.210725358934550187e-04,3.560892512988839088e-04,3.615433551506970662e-03,1.427279380351496318e-01,4.534675155518766757e-04,1.613906572814238663e-04,1.669729125646637414e-04,9.191102028630600913e-05,1.349067572089747067e-04,1.589180005816258649e-04,5.202753996964301977e-04,2.299223286519669405e-04,3.930550897481300404e-02,-4.537205081669645756e-04,3.420917275130909430e-02,-7.622864723100697404e-03,-1.997894435179828343e-02,-3.484132477208726208e-02,-1.038384422442911736e-02,9.666759800901772448e-03,-1.814882032667872180e-03,-8.844681604223474380e-01,-1.228340580542458538e-01,-1.510397362993929349e-01,1.430159628227743174e-01,7.632999600993968237e-01,1.181729236002366790e-01,-1.549723017993975827e-01,3.025185505508245498e-01,2.248421974522430977e-01,-3.721574184156282161e-01,-5.421123243042084983e-02,1.258252057733286744e-01,-1.674946168207236408e-01,-2.798521151655358839e-04,-2.623405947204851107e-04,1.338278123725701162e-03,1.132165834360931989e-01,-1.945727801510379121e-02,-1.577991768594385778e-03,-4.077374359668887050e-04,-2.753453382506178639e-04,-3.874974773733293361e-04,-3.599801248216976074e-05,-1.098882462249839431e-02,-2.272094836518275440e-04,3.007588911407655524e-02
2.631578947368420907e-02,4.361031902487554762e-02,3.129175679123485931e+00,7.455300025156560983e-02,1.217282656989722156e-01,4.429545593652612495e-02,3.514521964622096400e-02,4.627949183303085162e-02,-2.493231193027171599e+01,2.192995546371670379e+00,-2.888983446805053479e+00,-9.746416380180398242e-01,6.456484524070828235e-02,-7.426872013963703445e-01,4.731350933082502097e-01,1.053720308160011054e+00,2.136758693187766067e-01,-7.589248011594692533e-01,-2.932504105528884741e-01,3.303522603753982767e-01,9.119618492719940017e-02,3.038156604058468799e-03,6.515081566721304257e-03,1.987296503336120207e-02,1.203453634130657035e-01,4.008867168471616158e-03,1.264040878815882174e-03,7.698449486672776518e-04,4.734723123599340433e-04,3.881658059850684483e-04,3.994869694751743507e-04,9.882174679572957449e-04,9.673927898737974150e-04,3.271436129405391052e-02,-2.087114337568058559e-02,-3.540580542251010182e-02,-1.506780757028067796e-01,-4.109762969100130836e-02,-4.246559793977308650e-02,-4.678170089181501318e-02,9.422694191888830034e-03,-9.074410163339430291e-04,1.433119201099017914e-01,1.583582258037211865e+00,-4.200777220608649110e-01,-8.612821826851568829e-01,-1.371287169732282041e-01,-2.741565295368791899e-01,-2.292437566720216813e-01,2.746186972688462458e-01,1.978151180361373274e-01,4.554366711099550047e-01,-1.974532505355414969e-01,-9.708661141718749610e-02,2.563460534571324612e-01,2.817084068165013645e-03,6.158992315422420240e-03,1.625753148185423227e-02,-2.238257462208392834e-02,3.555399652919739428e-03,1.102650221534458254e-03,6.028720361026139105e-04,3.815612920736280206e-04,2.532590487760937687e-04,2.405689688935484859e-04,4.679420682608655471e-04,7.374704612218305286e-04,-6.591147680759093519e-03
4.900181488203266683e-02,3.281554333707762533e-02,2.704694880078882147e+00,1.026545734122569220e-01,1.243230855112144595e-01,2.175701229595537745e-01,2.930218817604447051e-02,4.990925589836660292e-02,-2.447305532737077982e+01,1.259855766094925222e+00,-2.893057692604030784e+00,2.745663732391186440e-01,8.628851063314872949e-01,-5.674634303264490809e-01,-1.469208357852672120e-01,-2.731736937036542343e-04,9.151650028946642368e-02,-1.199738013292535599e-01,3.008489172456124683e-01,-3.575300752709657526e-01,-2.573073992412450162e-01,8.651136131833757695e-03,4.423396488870129720e-03,7.024600878435463894e-03,3.438255614346173716e-02,5.059696105659149644e-03,4.842467929235923165e-04,3.260033552054611840e-04,1.673953832497898902e-03,3.031872965214295335e-02,9.414107506905107850e-03,2.949767302330536748e-03,2.253612644949142593e-03,1.088915951032680407e-02,2.268602540834845777e-02,-1.079477568779792229e-02,-4.244807990446037849e-01,2.810157316069131217e-02,2.594819812242243895e-03,1.732746670230276564e-01,-5.843031470176493491e-03,3.629764065335751300e-03,4.592566029009361728e-01,-9.331397802767451566e-01,-4.074245798977305100e-03,1.249208011257158413e+00,7.983202610907790264e-01,1.752237710699212636e-01,-6.200559290935174772e-01,-1.053993481853714664e+00,-1.221593690293101830e-01,6.389509998302156379e-01,5.940993277985009424e-01,-6.878823356463640293e-01,-3.485035841684444025e-01,5.612979527775289329e-03,-2.091685077851174537e-03,-1.284836415492573818e-02,-8.596280726960396634e-02,1.050828937187533486e-03,-7.797940858922899118e-04,-4.438415934618164678e-04,1.200481520137964804e-03,2.993056384615788365e-02,9.014620537429933120e-03,1.961549834373241003e-03,1.286219855075345069e-03,-2.182520178372710645e-02
4.990925589836660292e-02,9.634319965258598961e-02,2.941939286457509350e+00,1.012113986317870612e-01,1.096483616237891728e-01,1.589978801071937342e-01,2.029402156923134845e-02,5.807622504537204855e-02,-2.333485092375633130e+01,7.961332962059632090e-02,-2.304114550568846287e+00,8.244043426917186945e-01,9.409622058265597611e-01,-7.432600744499450185e-01,4.681760679401050229e-01,-1.110987401753675413e-01,-1.077326159185693077e-01,-3.278675865053300997e-01,-7.265623558794258308e-02,3.152234272343700794e-01,3.956075890518020444e-01,1.322079539842326533e-02,3.940745668562956050e-02,1.502830189306725121e-02,1.061448035797832139e-03,3.260661539621286008e-04,3.272548773839392862e-03,4.729853342668857707e-03,4.150491722282691198e-03,1.466836517067664951e-03,3.432487573016412548e-04,8.075788988803051351e-04,5.576870807802971263e-04,1.085946700073836015e-02,9.074410163339360902e-04,6.352765631550835734e-02,2.372444063786272039e-01,-1.443174780469860807e-03,-1.467472388742528666e-02,-5.857224285236004024e-02,-9.008166606813122063e-03,8.166969147005445628e-03,1.138204403614448523e+00,-1.180242436474328915e+00,5.889431420351844970e-01,5.498379694526001060e-01,7.807709949507246616e-02,-1.757966441234959376e-01,6.150969037253721794e-01,-1.108255664816638897e-01,-1.992491162080357314e-01,-2.078937851760765398e-01,-3.735051528335550652e-01,6.727535025053358320e-01,6.529149882930470605e-01,4.569659266589507635e-03,3.498406019675943252e-02,8.003701014631787319e-03,-3.332110810766390763e-02,-4.733629951697021152e-03,2.788301980915800383e-03,4.403849987463396252e-03,2.476537889784792296e-03,-2.885189313507528774e-02,-9.070858749603467192e-03,-2.142188403450231721e-03,-1.695925564168845358e-03,-2.969250958844392441e-05
4.491833030852994402e-02,6.348436557138531500e-02,3.171071982084989749e+00,1.222222130934510764e-01,1.713331114660908705e-01,1.040400053068057246e-01,1.566741733270419351e-02,5.989110707803992767e-02,-2.409748940794872141e+01,-7.773026286023154707e-01,-2.345471264044707738e+00,7.463775605676714608e-01,5.879900385485381520e-01,-5.710646594622315053e-01,-2.453122940763010629e-01,-4.646067910923896704e-01,-6.270534972786342975e-02,1.086187894381199226e-01,3.696280199477441908e-01,4.032707614779326710e-01,-1.076304492285384828e-01,2.021252048631392607e-03,6.274829315122007478e-03,1.370091467287773146e-01,1.893444434577302299e-03,4.377281457444515762e-04,2.431182292808913232e-04,2.450111099929532573e-03,1.935097586112369261e-02,1.865270200692220040e-03,4.362426562737208480e-04,5.175216997091751023e-04,5.481717069377656714e-04,3.731402790307696005e-02,-4.990925589836658904e-03,-3.285883408120067461e-02,2.291326956274803983e-01,2.101081446166401523e-02,6.168474984230169766e-02,-5.495787480038800965e-02,-4.626604236527154940e-03,1.814882032667879119e-03,-7.626384841923901092e-01,-8.569159582229117778e-01,-4.135671347586145075e-02,-7.802678212404723368e-02,-3.529721672780216091e-01,1.721954149877135132e-01,-7.134883620164060858e-01,-3.535080509170221430e-01,4.502726619070587799e-02,4.364863759434500223e-01,4.422842555356867877e-01,8.804733424356259164e-02,-5.032380382803405272e-01,-1.119954334979187185e-02,-3.313262737050755302e-02,1.219808448357100616e-01,8.319963987794701601e-04,1.116619917823229754e-04,-3.029430544558501647e-03,-2.279742242739325134e-03,1.520048413884100141e-02,3.984336836245550885e-04,9.299389897207959322e-05,-2.900571991711300328e-04,-9.515373842531454907e-06,2.645456090233860164e-02
4.764065335753175923e-02,1.193651201719465003e-02,2.415116386010255134e+00,1.018770536163872420e-01,1.589356146535734760e-01,5.822965633852254103e-02,2.971120223884542860e-02,5.444646098003629725e-02,-2.573191544826038424e+01,4.957013141160466763e-01,-2.708148127458094301e+00,7.391862009247145149e-02,2.031039963921960623e-01,-3.665272208484113836e-01,4.893525044520497524e-01,-4.177288053307232074e-01,-6.182208677893997750e-01,-2.770771575877244430e-01,6.125726756191521849e-01,8.172596478961315913e-01,4.215410749506572907e-01,1.435778925709697493e-02,4.591471580032246806e-03,5.555971036136101099e-04,8.192624723836469734e-05,1.871667927351562980e-03,7.739145865855948103e-02,2.636441182879850978e-02,1.745581867787233520e-03,1.887710386969839544e-03,1.016506443101427865e-03,2.714056480112530634e-04,8.296072483319675119e-04,2.139830571967176256e-02,2.722323049001815209e-03,-5.154785355419066323e-02,-7.559555960747346148e-01,-2.034515947706383443e-02,-1.239749681251739455e-02,-4.581034896828318354e-02,1.404378490614123509e-02,-5.444646098003630419e-03,-1.634426040311662831e+00,1.273003942718362147e+00,-3.626768634133865632e-01,-6.724589404752000510e-01,-3.848860421563420897e-01,2.045374386138201217e-01,7.346647985283507598e-01,4.687798576166646303e-02,-5.555155180615363175e-01,-3.856959470258443656e-01,2.429446556714079941e-01,4.139888864181989203e-01,5.291715241791957736e-01,1.233653720846558319e-02,-1.683357735089760672e-03,-1.364535496251637059e-01,-1.811518187338937574e-03,1.433939781607111458e-03,7.714834042927859459e-02,2.391430072886897851e-02,-1.760539399333645866e-02,2.244018627761950463e-05,5.802637868277070714e-04,-2.461160516979220389e-04,2.814355413942018404e-04,-1.591572218340519748e-02
7.486388384754991132e-02,1.452056438539783010e-03,2.194751372416384516e+00,2.098516358752909039e-01,1.756117983140975947e-01,1.145660985701741907e+00,1.744786750235946191e-02,2.486388384754990855e-01,-2.715909403596850780e+01,-2.176940949311185203e-01,-7.778133086145130326e-01,-7.952724840734945455e-02,-6.903405537127789149e-01,3.432676406090148791e-01,-3.125608933191417194e-01,2.835170073707715122e-01,-5.647290810446436993e-01,-5.296864761125228416e-01,4.141480126963407171e-01,2.391075468737652032e-01,4.043215377589512438e-02,6.394517007976923545e-03,2.581493728781998273e-02,8.067563906747133792e-03,1.261054575793003939e-03,3.526926607296506592e-03,4.190451322376216418e-03,9.031386646751994596e-03,3.216795862589791853e-03,3.364602003186814919e-03,6.579961656946550384e-04,6.983849217742962422e-04,1.718247386829391005e-03,6.623173053267992008e-03,2.722323049001815209e-02,-1.048445557865486724e-02,-2.203650135938706178e-01,1.079745822589036619e-01,1.667618366052411871e-02,1.087431329363219401e+00,-1.226333473648596670e-02,1.941923774954627813e-01,-1.427178587708123558e+00,-7.133954090471652520e-01,1.930334818843581157e+00,-1.534458684998208922e-01,-8.934445501049750327e-01,7.097948614574263182e-01,-8.019133977711914163e-01,7.012458127014946641e-01,5.349178674475607576e-02,-2.526093185247983985e-01,-1.984246629228114678e-01,-5.781521010223663604e-01,-3.811089211747621386e-01,-7.963272249120051383e-03,2.122346570778773506e-02,7.511966803133523357e-03,1.179128328554639215e-03,1.655258679944943611e-03,-7.320100733618326028e-02,-1.733302518204651518e-02,1.471213994802558333e-03,1.476891616216975374e-03,-3.585102774067728268e-04,4.269792737630431789e-04,8.886401384974234935e-04,-1.477513266640377056e-02
1.324863883847549884e-01,3.717514063473619044e-03,2.915849471451839925e+00,1.747384559462538678e-01,1.603350702582220511e-01,1.258132213312910253e+00,3.075609625695352716e-03,2.277676950998185068e-01,-2.483752119435147776e+01,5.591015132027046253e-01,-6.010323706885045691e-01,-5.264156125968056932e-01,-1.138938056671136567e-01,9.128674108521134256e-02,-2.711633554474975893e-01,4.526012359952433228e-01,-5.151775716682134298e-01,-5.445055799431821608e-01,-1.190159373665643228e-02,6.723449248358757124e-01,2.778732322169979452e-01,1.311573630956187723e-02,2.869279880819639722e-02,1.139813873368280411e-02,5.860107852094003679e-03,7.445997033717935767e-03,2.704204707090927806e-02,1.539816249910643670e-02,1.100827108670928735e-02,7.564631805849449282e-03,1.676213136722176514e-03,2.179624970615100243e-03,1.050061771066423087e-03,8.703112921008228711e-03,5.762250453720507704e-02,2.265457624933835817e-03,7.210980990354554088e-01,-3.511317992903703611e-02,-1.527672805587554361e-02,1.124712276111683451e-01,-1.437225787666410876e-02,-2.087114337568057865e-02,2.321572841617030036e+00,7.767956081338232011e-01,1.767809379260084635e-01,-4.468883641894562109e-01,5.764467480456652027e-01,-2.519808995238035365e-01,4.139753787164413001e-02,1.690842286244718107e-01,4.955150937643026943e-02,-1.481910383065931924e-02,-4.260496064329971633e-01,4.332373779621104815e-01,2.374410784411028208e-01,6.721219301584953690e-03,2.877861520376414489e-03,3.330574826935670321e-03,4.599053276300999957e-03,3.919070426421429609e-03,2.285159574853306078e-02,6.366775852354442100e-03,7.791475224119495495e-03,4.200029802662634364e-03,1.018216971027521584e-03,1.481240048840804001e-03,-6.681856157629679181e-04,2.079939867740236703e-03
5.490018148820326876e-02,5.883329777778710523e-02,3.101948497498415502e+00,9.650136947269116749e-02,1.121251076907484046e-01,7.364448035754809219e-01,5.146103928669022720e-03,1.088929219600725945e-01,-2.177849570005472657e+01,3.102158813814551164e-01,-1.267823107726574250e+00,-1.320484932645048515e+00,-8.085382780941734182e-02,9.601712997275668737e-01,-9.760502181283805534e-01,4.939659274651223564e-01,-4.860549635612934627e-01,-2.874437501367399506e-01,-3.662385785820277961e-01,3.559275123126117713e-01,4.470511007306577911e-01,6.598450403198154179e-03,7.904069671172735123e-03,1.333693251178492967e-02,1.458358761725936890e-02,4.712643303027232514e-03,1.215933593176419039e-02,2.437565380797440326e-02,2.238637283434026168e-03,3.238266427101223373e-03,1.369710554998732413e-02,1.694903792114344594e-03,4.408029965128179573e-03,6.436094099981717193e-03,-7.758620689655171265e-02,5.511578371431348489e-02,1.860990260465755775e-01,-7.823708647356270030e-02,-4.820996256747364650e-02,-5.216874097374293306e-01,2.070494302973670004e-03,-1.188747731397459123e-01,3.059025494296751191e+00,-2.488856318212495089e-01,-6.667907370380696808e-01,-7.940693200482428216e-01,3.303997785769631490e-02,8.688845586423554757e-01,-7.048868626808829640e-01,4.136469146987903356e-02,2.912260810691996715e-02,2.570618298064422103e-01,-3.543369848453713500e-01,-3.164174125232639412e-01,1.691778685136598459e-01,-6.517285906363723055e-03,-2.078872913702366210e-02,1.938793778102125553e-03,8.723479765165364358e-03,-2.733353730690703254e-03,-1.488271113914508767e-02,8.977491308867966563e-03,-8.769633803275261180e-03,-4.326365378748225909e-03,1.202089241326514783e-02,-4.847211785007556496e-04,3.357968194061756485e-03,-2.267018821026511519e-03
5.716878402903811246e-02,5.636000128547091759e-02,3.263947216140171026e+00,1.023737957663716225e-01,8.567457134965793253e-02,1.005320733046715098e+00,9.173232027916066941e-03,1.170598911070780401e-01,-2.252699063805064839e+01,-2.386663228121435054e-01,-4.969670412692998585e-01,-1.383059438701609967e+00,1.733044533419701994e-01,9.009464853721508293e-01,-6.724850660216095122e-01,5.939815241485041364e-01,-3.334452230552039098e-01,3.632524032391514224e-01,-2.779059710867806121e-01,-3.426747717355617118e-01,-5.067329754596925362e-01,5.327701092321240070e-04,5.131861068538583377e-03,4.056070761547694858e-03,1.691904856578816492e-03,3.435247602324011627e-03,2.851611784698113768e-03,8.336896095055749620e-03,2.473313836619228309e-03,3.296189622168293337e-02,2.362487291286481834e-03,9.301287394714891511e-04,3.674033938737735275e-04,8.568574110555763138e-03,2.268602540834843695e-03,-2.473296492316187645e-03,1.619987186417555236e-01,5.872426293680454989e-03,-2.645053634109047203e-02,2.688759294712341763e-01,4.027128099247044221e-03,8.166969147005445628e-03,-7.484949379959218163e-01,-5.488822041935985663e-01,7.708560664572743359e-01,-6.257450605656145193e-02,2.541582811513875551e-01,-5.922481435541604444e-02,3.035651521067710412e-01,1.000155966833817800e-01,1.526097405060895529e-01,6.506961533758913729e-01,8.833260749524718403e-02,-6.986022840481734830e-01,-9.537840761903503273e-01,-6.065680293966029847e-03,-2.772208602634151746e-03,-9.280861750237234808e-03,-1.289168276068055306e-02,-1.277395700703220886e-03,-9.307724147066076190e-03,-1.603875771291865537e-02,2.346765531852021414e-04,2.972362979458171087e-02,-1.133461825870084316e-02,-7.647750526428554428e-04,-4.040626571254406045e-03,2.132480010574045945e-03
6.760435571687840872e-02,9.212263893966596284e-02,3.297644432998186215e+00,1.046500708924573281e-01,1.295804300475388859e-01,5.794301747507846212e-01,1.229145301872626786e-02,1.016333938294010919e-01,-2.228415888675521117e+01,-1.052140876878516540e+00,-1.397627872285246209e+00,4.081521486439677188e-02,-1.081573612172863352e-01,1.032500403487637275e+00,-5.343853828226897695e-01,7.420524725941988198e-01,1.444311825910909453e-01,-2.048628730936172815e-01,-1.940426620763972543e-01,-1.808455962021212615e-01,-8.170081482090872926e-01,2.232567938168569105e-02,4.312586919824376586e-02,2.696962973774800001e-02,4.567111023494967149e-04,4.650172596081848971e-03,5.299296729528539789e-04,1.348704943392972297e-03,9.113469172238386007e-04,1.418503974323189268e-02,8.550652030975365234e-04,2.036279333268936099e-03,2.749159240083153704e-04,1.342488211949850567e-02,1.043557168784029626e-02,3.576263765419504526e-02,3.369721685801518873e-02,2.276275126085705591e-03,4.390585869788095341e-02,-4.258905582959304770e-01,3.118220990810200918e-03,-1.542649727767694823e-02,2.428317512954372148e-01,-8.134745540663730345e-01,-9.006608310159462949e-01,1.423874653566006732e+00,-2.814618145592565623e-01,1.315539181154864457e-01,1.380996831989197426e-01,1.480709484456946834e-01,4.778764056462948551e-01,-5.681152763327687039e-01,8.386330901038335783e-02,1.618291755334404503e-01,-3.102751727493947564e-01,2.179290927245356585e-02,3.799400812970517988e-02,2.291355897620030516e-02,-1.235193754229319723e-03,1.214924993757837343e-03,-2.321682111745260006e-03,-6.988191151662777323e-03,-1.561966919395389817e-03,-1.877685647845104069e-02,-1.507422088188945311e-03,1.106150593797446948e-03,-9.248746986545815707e-05,4.856308008942742532e-03
5.217785843920145356e-02,6.821372242497998617e-02,3.220772854547286013e+00,1.342683045267771269e-01,1.753179140388826107e-01,3.179455779533445492e-01,1.483786470813933459e-02,8.802177858439201585e-02,-2.385607308747263033e+01,-2.462011280161824800e+00,-1.940876604943004846e+00,3.758619062800691024e-01,-2.296872231661128694e-01,2.714099660069687614e-01,-4.436590331508007967e-01,5.171679572640504041e-01,2.316963421240870180e-01,-4.142743393704565458e-01,-3.893268124208885128e-01,-2.178457471416644919e-02,-3.555711749242700392e-01,8.630199628864230728e-04,6.234494507628793314e-03,7.499343026075092067e-03,7.663062259811781246e-04,5.013206740852555821e-04,7.722317402170312053e-03,4.004564979500227300e-04,3.879622427274158000e-04,1.046714436448277713e-03,1.373620484612546582e-03,5.343329733998898731e-04,1.220055185752283444e-02,3.857218313635925756e-03,-1.542649727767695517e-02,-2.390891651468597667e-02,-7.687157845090020203e-02,2.961823363431979883e-02,4.573748399134372478e-02,-2.614845967974400720e-01,2.546411689413066726e-03,-1.361161524500907605e-02,-1.571914200717419163e+00,-1.409870403283308260e+00,-5.432487326577586373e-01,3.350466914156723375e-01,-1.215298619488265341e-01,-7.610904374806685135e-01,9.072634967188897281e-02,-2.248845153301484157e-01,8.726515953299607276e-02,-2.094114662768392643e-01,-1.952841503444912585e-01,1.590610214879548123e-01,4.614369732848172534e-01,-2.146265941879926809e-02,-3.689137469061497254e-02,-1.947028671167290795e-02,3.095951236316814097e-04,-4.148851921996593063e-03,7.192387729217457858e-03,-9.482484454429495127e-04,-5.233846744964228007e-04,-1.313832530678361518e-02,5.185552815150100588e-04,-1.501946359869046118e-03,1.192563593351451956e-02,-9.567663805862580348e-03
5.081669691470054595e-02,1.090322774913097398e-02,2.782979599076850885e+00,1.387566661583760075e-01,1.816360384630366642e-01,5.871925661240627869e-01,1.502289209465012751e-02,1.034482758620689641e-01,-2.471201911087371528e+01,-4.603228725269371546e-01,-9.874329308936198313e-01,-9.080325728126503737e-01,-6.183040861844386615e-01,7.414930972934350439e-01,-2.497638856007038943e-01,7.578879459996723522e-01,8.277085058738309353e-02,-1.439380355068427819e-01,-8.091170073458502365e-01,-7.744560452197793987e-01,-2.409725758271548668e-01,4.116367548790156664e-03,2.413772644916090809e-03,3.979076393816901452e-02,3.870600717519681599e-02,2.709074272721926756e-03,5.987691279037726149e-04,4.357137581112432989e-03,5.667454749732264490e-04,1.337129175406283951e-03,2.700068377175409567e-02,2.183785086650506368e-03,8.250341825744789614e-04,1.464478230274411825e-02,-1.361161524500907605e-03,-5.731049467584901219e-02,-4.377932554704351276e-01,4.488361631598880575e-03,6.318124424154053509e-03,2.692469881707182378e-01,1.850273865107929239e-04,1.542649727767694823e-02,-8.559460234010849433e-01,2.001688407634887756e+00,9.534436740493850149e-01,-1.283894479092719365e+00,-3.886168630183257644e-01,4.700831312864662825e-01,1.938951475500969024e-01,2.407199887356219481e-01,-1.489254915367039245e-01,2.703363038636137361e-01,-4.197901949249617237e-01,-7.526714705056130050e-01,1.145985990971151725e-01,3.253347585903733699e-03,-3.820721862712702505e-03,3.229142091209392246e-02,3.793970094921563646e-02,2.207753598636671283e-03,-7.123548274266539547e-03,3.956681083162410205e-03,1.787832322458106490e-04,2.904147389580062372e-04,2.562706328714154866e-02,1.649452113250616386e-03,-1.137551767494835581e-02,1.078756398910819293e-02
7.078039927404718157e-02,9.706325329639057826e-04,3.133247810709504311e+00,1.920984715080174821e-01,1.932042404918318523e-01,1.072811011004489723e+00,8.795369039408780856e-03,1.306715063520871023e-01,-2.663377173964012457e+01,8.080006668079040555e-01,-1.973947872604452924e-01,-3.378051741619743087e-01,-7.207450915764337940e-02,-2.678889032557568717e-02,-2.751088834527108951e-01,9.543328097009051714e-02,-1.999109734084048573e-01,-2.532427338419944163e-01,-3.732965652786245925e-01,-9.152114830852806082e-02,-5.229689863563981023e-01,4.542205421111477834e-03,2.184881296209225179e-02,6.397149310181818316e-02,2.281544245371316254e-02,5.520927022827273184e-03,2.789353995371517472e-03,8.177330013098218706e-03,1.543667510455182983e-03,4.047044714188625415e-03,7.993273769812596005e-03,3.936502601685978528e-03,2.915503344631500265e-03,1.694387498752136442e-02,1.996370235934663562e-02,-9.932595216167067545e-03,3.502682116326534256e-01,5.334180534964147458e-02,1.156820202879518811e-02,4.856184448804269360e-01,-6.227523055241346653e-03,2.722323049001813822e-02,-1.921752628766409288e+00,1.268323539334841321e+00,7.900381436331744833e-01,5.702273986506760650e-01,5.462295770267953099e-01,-7.682819876190107866e-01,-2.534499785200700073e-02,-6.624546650295818351e-01,-2.826818239957879508e-01,-1.093046983351516344e-01,4.358204420672256441e-01,6.829348969112513101e-01,-2.819964105292432355e-01,4.258378723213211703e-04,1.943504031717616098e-02,2.418072916364916863e-02,-1.589056472148365345e-02,2.811852750105346428e-03,2.190584867467744966e-03,3.820192431985785717e-03,9.769220354819566424e-04,2.709915538782341465e-03,-1.900741000194149793e-02,1.752717515035472160e-03,2.090469162057021196e-03,2.299092684777246168e-03
4.174228675136116423e-02,2.607030338457903829e-02,2.976274948027487710e+00,1.044539498439738673e-01,1.247296520560617211e-01,5.566059404458839621e-01,1.047101245951217313e-02,1.007259528130671489e-01,-2.377276225865329806e+01,5.899744906312845982e-01,-2.695594581153914482e-01,-1.392532890836858828e+00,-8.943261293356719044e-01,6.814240962839326343e-01,-4.087920652812373490e-01,1.307460985150064037e+00,1.871243550804347344e-01,-6.228924715499667419e-02,-7.715551723445464027e-01,-5.248971968350037987e-01,-6.867393317014779397e-01,1.244683609884691781e-02,6.508587511857465147e-02,4.327188302157140148e-02,2.239033441296029575e-02,7.217468730906431837e-04,1.499235744282373601e-03,9.897202346099370860e-04,7.592742723651194937e-04,1.676808213687606790e-03,5.326898193846324459e-04,1.083617094823197732e-03,3.214174275337056304e-03,2.003304443013349811e-02,-2.903811252268601734e-02,2.509967085161513359e-02,-1.569728626820166006e-01,-8.764452166404361477e-02,-6.847458843577013121e-02,-5.162050705586057608e-01,1.675643420103392275e-03,-2.994555353901995343e-02,2.861009480986826503e+00,-2.180261761766194573e-01,-7.216467085494615574e-02,-1.054727716674884519e+00,-8.222516201780285527e-01,7.082129866095083770e-01,-1.336831818285264539e-01,1.212027704179973409e+00,3.870353284888395917e-01,1.909534866869977421e-01,-3.982586070659218103e-01,-4.333760485264757101e-01,-1.637703453450798374e-01,7.904630677735439981e-03,4.323706215648240314e-02,-2.069961008024678167e-02,-4.251080407528667893e-04,-4.799180149736630326e-03,-1.290118251089143872e-03,-7.187609778488281836e-03,-7.843932380900634892e-04,-2.370236500501018626e-03,-7.460583950427963559e-03,-2.852885506862780796e-03,2.986709307055560383e-04,3.089169442612133692e-03
5.353901996370236116e-02,5.334918043662410184e-04,3.161562459042376538e+00,1.291455355719201836e-01,1.578075318707751196e-01,3.300269368477429244e-01,8.721030599660808263e-03,4.355716878402903641e-02,-2.805664499073626317e+01,2.137009926718669739e+00,3.032684019702423517e-01,-3.386299329389925727e-01,-3.863198497316231994e-01,1.748047556148775161e-01,-4.068508741857611577e-01,3.447993848405441208e-01,2.189695282402761844e-01,5.978800197557872231e-03,-2.775634008540706077e-01,-3.483721482301970207e-01,-5.432974118737960989e-01,6.525087452242074593e-02,5.532408441834709562e-02,1.860079270113271233e-02,3.619773540240326173e-03,2.895893368296059527e-03,3.503990132404816073e-03,5.869311486629550344e-03,1.595170533989011784e-03,2.814911541563944967e-03,1.951947743860804954e-02,3.804927465866849573e-02,5.402855254567940323e-03,2.136492225473013082e-02,1.179673321234119693e-02,-2.553681158021279748e-02,1.852875110148888282e-01,2.469158572794631634e-02,3.307787981471339844e-02,-2.265790035981410377e-01,-1.749981859851364868e-03,-5.716878402903811246e-02,-4.283882732082965106e+00,1.547035436087385030e+00,5.728278600856337999e-01,1.053902957897866255e+00,5.080062796040487605e-01,-5.066193406690551182e-01,1.941191095476191286e-03,-9.626616003095198604e-01,3.184517315984145003e-02,6.826804735255453949e-02,4.939917714904757950e-01,1.765250486048067780e-01,1.434419198276818408e-01,5.280403842357382638e-02,-9.761790700227555850e-03,-2.467109032043868916e-02,-1.877056087271997131e-02,2.174146495205416234e-03,2.004754388122442256e-03,4.879591252019613475e-03,8.358962616238922901e-04,1.138103327876338177e-03,1.898678761922341710e-02,3.696565756384529583e-02,2.188680979230884019e-03,1.331877824596632703e-03
9.528130671506351845e-02,7.400732127167033124e-03,1.170454013115167946e+00,1.133590992432035316e-01,1.431171032723341785e-01,2.215862878899447219e-01,6.271087095250834839e-03,5.807622504537204855e-02,-2.467722280202479368e+01,1.552015419950989239e+00,1.339038818103388540e-02,-3.291501958679020623e-01,-1.371963071385545962e+00,-4.445332244753738005e-01,-2.161278455479135815e-02,7.846008064330650678e-01,4.234141494492568158e-01,-5.235744908814434773e-01,-4.461835260087881894e-01,-2.566809949116886092e-01,-1.537813617581419989e-01,2.868873435001796993e-02,3.413758148684569588e-02,4.738378671096078049e-02,2.563352577087764372e-02,3.071045283411009616e-03,1.527022074424898160e-03,2.864296597413639074e-03,2.997693382344265465e-04,1.297080232490200203e-03,4.467122202137391480e-03,1.134745626677786251e-02,1.485274805724867350e-02,1.503618457373587930e-02,4.174228675136115729e-02,6.867240322800792322e-03,-1.991108445927208592e+00,-1.578643632871665203e-02,-1.469042859844094107e-02,-1.084406489577982025e-01,-2.449943504409973424e-03,1.451905626134301214e-02,3.379422188711469488e+00,-5.849945067676804999e-01,-2.898780137892084663e-01,9.479737071090510447e-03,-9.856432216539228186e-01,-6.193379800902513166e-01,3.852380896309697822e-01,4.398014215925209469e-01,2.044446212089806314e-01,-5.295532910790013981e-01,-1.686201251547175817e-01,9.169115331850841155e-02,3.895160501156541000e-01,-3.656214017240277947e-02,-2.118650293150139974e-02,2.878299400982806816e-02,2.201375223063731928e-02,1.751519151149500894e-04,-1.976968057979917696e-03,-3.005014889215911270e-03,-1.295401195754585129e-03,-1.517831309073744764e-03,-1.505235523647065893e-02,-2.670181839189063322e-02,9.449892802680732312e-03,-6.328737680994251519e-03
4.491833030852994402e-02,2.237394853896421815e-02,2.969553874240364877e+00,1.287254962146407167e-01,1.526169423092778865e-01,4.990816188000654074e-01,1.110575109842176084e-02,9.709618874773139063e-02,-2.413248822220009870e+01,9.078159583787457354e-01,4.216741086222984825e-01,-7.266400839476523377e-01,-1.011358422133181278e+00,6.460667932613385622e-03,-9.732788396582530144e-01,9.337755259622663173e-01,-8.197942962552631774e-02,7.065469178924968507e-02,-3.004846565837492323e-01,-2.601415746810720186e-01,-6.266507437839821115e-01,8.112412570963117853e-02,4.317518094713886263e-03,3.937150995332420154e-03,4.545985379727615454e-03,3.112482606079294140e-03,1.451229743031157279e-03,5.386770225308729933e-04,1.197356136192804328e-03,4.144476829597202152e-04,1.372534638475145707e-03,6.651676288849795241e-03,1.059549768426182592e-01,3.425856819249398916e-02,-5.036297640653357444e-02,1.497321641179718416e-02,1.799099861125196931e+00,1.536639697143718508e-02,9.499839036943708015e-03,2.774953309101206855e-01,4.834664003170925997e-03,3.901996370235934208e-02,5.447345798246949755e-01,-6.441994615722435036e-01,4.082837204412645971e-01,-3.974898880797502754e-01,3.606046492523646840e-01,4.509938924079872069e-01,-9.516660551034616944e-01,1.491747195292012496e-01,-5.053935790747831058e-01,5.942291826706931346e-01,1.456988694250389571e-01,-3.460579769383409499e-03,-4.728693820258401126e-01,5.243539135961321207e-02,-2.982006339213181048e-02,-4.344663571562835946e-02,-2.108754039115002740e-02,4.143732266828452360e-05,-7.579233139374088116e-05,-2.325619574882766081e-03,8.975867979583777813e-04,-8.826325495304799878e-04,-3.094587563662245557e-03,-4.695779977928067270e-03,9.110222878536958224e-02,1.922238361875810986e-02
8.938294010889291652e-02,1.347489059929926148e-03,3.013230902635372743e+00,1.939325819168272458e-01,1.951041274369882395e-01,9.409255073320026419e-01,8.477789089791578150e-03,1.306715063520871023e-01,-2.687932909694861650e+01,1.776909352600054559e+00,9.504447000908633481e-01,-3.766159007517826951e-01,-1.718630176252042563e-01,2.840117806616341417e-02,7.701218888348003444e-02,1.936066640182872445e-01,-1.842083766708811632e-01,1.744625770108849117e-01,-2.275070826011878489e-01,-8.692891908756306130e-02,-6.265960308143638802e-01,3.339829091614843898e-02,4.317580571147771121e-03,1.463813686924667415e-02,7.129815014592185383e-03,1.344718281456976257e-02,4.251717994260618624e-03,6.237897477189936930e-03,3.043808153104708117e-04,1.337313083224692242e-03,5.689862477622176576e-03,7.777102706278124500e-02,4.263376312350686259e-02,2.202580382480931812e-02,4.446460980036297250e-02,-2.102645947903429222e-02,4.367702839500786638e-02,6.520708570218652911e-02,4.248718512771035294e-02,4.418438885319372345e-01,-2.627962008630182686e-03,3.357531760435571166e-02,-2.746840874748517791e+00,8.690933942213088237e-01,5.287705914685648656e-01,3.500241831958696426e-01,8.394954045079769944e-01,2.194051013355002855e-02,1.050291028541733063e+00,-7.401688619439790173e-01,-1.022289470453548454e-01,1.038078852216352266e-01,7.297757398256138339e-02,1.732126555935089574e-01,5.471296961823135518e-05,-4.772583479348273955e-02,6.247643388485740745e-08,1.070098587391425313e-02,2.583829634864569930e-03,1.033470020849046843e-02,2.800488251229461129e-03,5.699220454659063503e-03,-8.929753208823335703e-04,9.228654002649720267e-04,4.317327839147030652e-03,7.111935077393144455e-02,-6.332121371911139662e-02,-1.223276436768467104e-02
6.397459165154265048e-02,2.776569764531181331e-02,3.272274020240400372e+00,1.371269070642848475e-01,1.549863729488187014e-01,9.590229313458982219e-01,5.255126765740810758e-03,1.161524500907440971e-01,-2.332252539630295018e+01,7.978768133617677449e-01,2.757457904799793802e-01,-1.771858067711931550e+00,-7.287007581180200422e-01,-2.775057441600491115e-02,-6.511776736152152800e-01,4.067138583549212427e-01,-3.167166044999881191e-01,3.341921680992854249e-01,-3.671962043730099268e-01,1.352343118257387788e-01,-5.161738863591267545e-01,2.659301450799270161e-02,6.819156167688766347e-03,1.678785668752991915e-03,1.237876131687666147e-03,4.493508641818537777e-03,3.323490882851427852e-02,2.041637961144320609e-03,2.014726539938071354e-03,2.343356797649316387e-03,4.436998941318438285e-03,4.051106058243441471e-02,3.711345722489329396e-02,1.509340253918007094e-02,-2.540834845735026604e-02,2.641820858538188738e-02,2.590431176050276285e-01,-5.680567485254239823e-02,-4.011775448816953804e-02,1.809742401389557998e-02,-3.222662324050767392e-03,-1.451905626134300520e-02,3.556803700645666311e+00,-9.790325392382868142e-01,-6.746989096108839679e-01,-1.395242166960148911e+00,-5.568377404928157581e-01,-5.615175248216832532e-02,-7.281898624986953283e-01,2.131071943366339982e-01,-1.325082278291069560e-01,1.597295910884005132e-01,-1.396891217718220779e-01,2.221632309133018401e-01,1.104221444552371256e-01,-6.805276408155737367e-03,2.501575596540995226e-03,-1.295935120049368158e-02,-5.891938882904519670e-03,-8.953674172751224791e-03,2.898319083425365816e-02,-4.196259516045616755e-03,1.710345724627600596e-03,1.006043714424624145e-03,-1.252863536303738291e-03,-3.725996648034683029e-02,-5.520305898613568629e-03,-6.932401285629247178e-03
8.303085299455535695e-02,1.866385086626868098e-02,3.103139765548466489e+00,1.330211128596515968e-01,1.468555320436858991e-01,1.058975683936459689e+00,6.334203901900233372e-03,1.243194192377495427e-01,-2.347748581669700485e+01,5.656765508109460328e-01,6.943854115650918701e-02,-1.651033594009309269e+00,-2.014151218926121811e-01,2.505178196239501442e-01,-3.282836992062803660e-01,1.778046436275665665e-01,-6.260728945675060331e-01,2.811261789933673372e-01,-2.044027260556092740e-01,3.482247135225793322e-01,-2.403662445317659435e-01,1.208432170920947053e-03,8.073471222324674762e-03,1.922274705015637524e-03,9.491725188900125261e-04,9.576266943896195524e-03,4.241415130596868505e-02,1.154894374769693810e-02,1.609094561472064738e-03,2.132154894999965453e-03,1.714970312656892426e-02,9.918999769218056831e-03,3.801470643759954568e-03,1.116336641735210695e-02,1.905626134301270647e-02,-9.101846779043132329e-03,-1.691342546919338830e-01,-4.105794204633250732e-03,-8.130840905132802332e-03,9.995275259056146666e-02,1.079077136159422613e-03,8.166969147005445628e-03,-1.549604203940546654e-01,-2.322002625508217122e-01,-2.063072493234701932e-01,1.208244737026222815e-01,5.272856362254079166e-01,2.782683940399550693e-01,3.228939744089349140e-01,-2.289092147273546762e-01,-3.093562900675179139e-01,-5.306598910591808771e-02,1.627934783174006528e-01,2.129904016968405533e-01,2.758076418273608388e-01,-2.538458233707175521e-02,1.254315054635908415e-03,2.434890362626456091e-04,-2.887036127976536212e-04,5.082758302077657747e-03,9.179242477454406524e-03,9.507305786552617058e-03,-4.056319784660066159e-04,-2.112019026493509345e-04,1.271270418525048684e-02,-3.059206081321635962e-02,-3.331198658113333766e-02,-3.930036121827963982e-03
5.671506352087114095e-02,3.044902691099825309e-03,2.829574540061221555e+00,1.171767155659769882e-01,1.295797618325178202e-01,1.021855018757001909e+00,6.521385129464010895e-03,1.206896551724137984e-01,-2.558911247692719115e+01,7.165530796064538688e-01,2.297569110920898994e-01,-8.756092054660519208e-01,4.539681132354909943e-02,3.270478695616534925e-01,-4.547094986853543741e-01,5.167720507502996385e-01,-3.592684870381135376e-01,2.971531968915111510e-02,-3.815252103528695704e-01,2.331409564088522957e-01,-4.713088494321004962e-02,6.282862758419386490e-03,4.314613517591344913e-03,3.946484145657944143e-03,2.600704697084433702e-03,1.590603822760907476e-02,5.960265107803035776e-03,3.404005514748495009e-03,7.200631833913715731e-03,1.696739502928925345e-03,4.761814180401765205e-03,5.430357376668922681e-02,3.473273364207650287e-04,1.409868333101952503e-02,-2.631578947368421600e-02,-1.561894817516885567e-02,-2.735652254872449340e-01,-1.584439729367460858e-02,-1.727577021116807887e-02,-3.712066517945777910e-02,1.871812275637775233e-04,-3.629764065335744361e-03,-2.111626660230186303e+00,1.508765287955078360e-01,1.603183699355807124e-01,7.754243885432573480e-01,2.468119332161612944e-01,7.653004993770334830e-02,-1.264257994790740081e-01,3.389674071227330998e-01,2.668044075293924955e-01,-2.514108593042162498e-01,-1.771224842972602964e-01,-1.150837571137270365e-01,1.932353595885558939e-01,5.074430587498439220e-03,-3.758857704733329849e-03,2.024209440642306401e-03,1.651532178194421285e-03,6.329771283712879240e-03,-3.645388619816564840e-02,-8.144938232948442658e-03,5.591537272441651427e-03,-4.354153920710401079e-04,-1.238788894616715819e-02,4.438457399747117171e-02,-3.454143307339189485e-03,2.935316913667418079e-03
3.856624319419237751e-02,7.722497696460754128e-04,3.293804638090896297e+00,1.415647073819095159e-01,1.944496482115027625e-01,6.806667670403196979e-01,4.733670490429947239e-03,1.125226860254083527e-01,-2.792918482982573281e+01,1.645818303840171026e+00,1.962779061148106352e-01,-6.303001269394099548e-01,2.643523793066133998e-02,6.094261984462914228e-01,-1.386570804371316246e-02,5.608989280125934451e-01,-2.959153813835720959e-01,1.069925716720419029e-01,-4.341978832630574159e-01,3.458560814658742100e-01,-2.727367779775197176e-01,1.678331412793441710e-02,4.231489031942509789e-04,4.297208127394272492e-03,6.682588686751378577e-03,2.538538949068085832e-02,4.559005868220218465e-03,3.222978628183428926e-03,5.023149839869190877e-04,2.414970427033111787e-03,1.851849539212465506e-02,9.768174938260269780e-02,1.808229324957447409e-03,2.605406232358404781e-02,-1.814882032667876344e-02,-2.272652921453750113e-03,4.642300980296747426e-01,2.438799181593252763e-02,6.486988637898494225e-02,-3.411882517166822115e-01,-1.787714639034063656e-03,-8.166969147005445628e-03,-2.340072352898541652e+00,9.292652242337171575e-01,-3.347900497727926417e-02,2.453090785266419660e-01,-1.896157339288775945e-02,2.823783288846379302e-01,4.408437906416411978e-01,4.412687726229380658e-02,6.335310565454144172e-02,7.727725198289078778e-02,-5.267267291018784547e-02,1.127151250570219143e-01,-2.256058930343096680e-01,1.050045136951503061e-02,-3.891464614397093826e-03,3.507239817363283496e-04,4.081883989666945309e-03,9.479351263071783551e-03,-1.401259239582817312e-03,-1.810268865650660822e-04,-6.698316849926796643e-03,7.182309241041864422e-04,1.375668121172288899e-02,4.337817561591347099e-02,1.460901988536682326e-03,1.195537899256452277e-02
7.849364791288565568e-02,1.418575283964675603e-02,3.171863210981842318e+00,1.174069559762951909e-01,1.131883452040206989e-01,9.969270335181704690e-01,1.286651440308167645e-02,1.188747731397459123e-01,-2.422188908845662070e+01,-3.395133184035438179e-01,1.502976244738120082e-01,-9.652758837118123880e-01,-2.764591130269149488e-01,5.733639132049316300e-01,-5.332875483783460213e-01,5.734900554073183443e-01,-2.679321548588318169e-01,-2.278188418956128003e-01,-6.485753186593216923e-02,-2.314747744637805568e-02,-9.426469588328226235e-03,2.891257760334289394e-03,1.038533423939948805e-03,2.448930473945738328e-03,5.800856956976503317e-03,3.305623717371684346e-03,5.135505840191029875e-03,1.337668799478697193e-03,1.535017598998272598e-04,3.011322086795806090e-03,1.835896752003446115e-03,1.403163658302733312e-03,8.765926917402714399e-04,1.636355869752167567e-03,3.992740471869327817e-02,1.341350307000068083e-02,-1.219414271090539792e-01,-2.415775140561432499e-02,-8.126130300748206359e-02,3.162602664778507711e-01,8.132843912651729207e-03,6.352087114337559570e-03,3.707295741369112108e+00,-1.985331622243714733e+00,-4.598028164099862702e-02,-3.349757567724024332e-01,-3.028943509575762749e-01,-3.606228524135979274e-02,-5.194218403346329005e-01,1.259112739472489917e-02,2.798322652474027894e-02,-3.348114135676547032e-01,3.693403513971252328e-01,-3.690035589122522830e-01,2.633103083891915053e-01,-1.389205636760012727e-02,6.153845207456978264e-04,-1.848277653448534164e-03,-8.817317297748752600e-04,-2.207976577330917484e-02,5.764999719708114104e-04,-1.885309828704731733e-03,-3.488132240870918280e-04,5.963516597626943028e-04,-1.668259864012120938e-02,-9.627858572429996709e-02,-9.316366332171759686e-04,-2.441770645383187915e-02
7.395644283121596829e-02,1.916046894193376010e-02,3.186935636315376907e+00,9.591507453469537425e-02,8.888122166595727180e-02,8.254076987758039996e-01,6.906789017103122721e-03,1.206896551724137984e-01,-2.263278247939326349e+01,-3.488744251080345693e-01,-3.429050859632135628e-01,-1.473814551400287054e-01,-2.802234732705246589e-01,3.989709007208044333e-01,-3.018582710987731121e-01,4.332303089909164684e-01,3.701316823992346627e-01,-2.449175857161368375e-01,-2.642792134628534906e-01,1.581331676047062484e-02,1.996741995292616312e-01,1.218651345067481295e-02,1.114018461421813731e-02,1.543366908940156657e-02,3.048075297500388824e-03,4.622676309509719979e-03,9.439761354509417987e-03,7.589880304964202566e-03,1.031054590100347924e-03,3.744871889956785226e-03,4.780512589850037519e-03,1.060483512872951312e-02,1.466187822478508132e-03,4.447912584187596781e-03,-4.537205081669687390e-03,4.974716102287004074e-03,1.507242533353458924e-02,-2.149188144159981662e-02,-2.430712353806342707e-02,-1.715193347423664694e-01,-5.959725385978553724e-03,1.814882032667886058e-03,1.589106609063357212e+00,-9.361106704490751440e-03,-4.932027104370255710e-01,8.178944285717837381e-01,-3.764360243609710110e-03,-1.743930124841271967e-01,2.314292772795729092e-01,-1.402597464164018759e-01,6.380638372580664797e-01,-1.709874382052403718e-02,-1.994216815969213075e-01,3.896079420684868400e-02,2.091006691175898435e-01,9.295255690340523125e-03,1.010165119027818872e-02,1.298473861545582780e-02,-2.752781659476114494e-03,1.317052592138035633e-03,4.304255514318388112e-03,6.252211505485505590e-03,8.775528302005207188e-04,7.335498031609791365e-04,2.944615837846591404e-03,9.201671470426778937e-03,5.895951307382366925e-04,2.811556714435428997e-03
